Latte,Large,75%,Grass Jelly,Whipped cream,22500,23/06/2023 10:52:41
QRCoder.QRCode,Cappuccino,Medium,100%,Choco chip,Oreo,15500,23/06/2023 11:09:55
QRCoder.QRCodeData,Espresso,Medium,50%,Choco chip,11500,23/06/2023 11:11:48
                                                                                                  
                                                                                                  
                                                                                                  
                                                                                                  
        ██████████████    ████████        ████  ████    ████  ████  ██  ██  ██████████████        
        ██          ██  ████                ██  ████  ██  ██      ██  ██    ██          ██        
        ██  ██████  ██  ██    ██  ████  ██  ██████  ████  ██      ██  ████  ██  ██████  ██        
        ██  ██████  ██    ██      ██  ██████  ██    ██  ██    ████  ██      ██  ██████  ██        
        ██  ██████  ██  ██    ██████  ██  ██          ██    ██  ██  ██  ██  ██  ██████  ██        
        ██          ██    ████            ██████  ████  ████████  ██        ██          ██        
        ██████████████  ██  ██  ██  ██  ██  ██  ██  ██  ██  ██  ██  ██  ██  ██████████████        
                        ████  ██      ██        ██      ██  ██████  ██  ██                        
        ██████████  ████      ██        ██████████  ████████    ██  ██  ██████  ██  ████          
        ██            ████████████████  ██  ████  ████  ████  ██  ██  ██      ██████              
        ██  ██████████    ██  ████  ██        ██    ██████  ████████    ██    ██████████          
              ██        ██  ██████  ██  ████  ██████████  ██  ██  ████████████    ████  ██        
        ██████      ██████      ████████  ██████            ████      ██  ██  ████                
        ████      ██      ██  ██████  ██  ██  ██  ██            ██    ██    ██  ██  ██  ██        
            ████████████████████    ██    ██████  ██            ██████████  ████    ██            
            ██  ██      ██    ██  ████  ████████████████    ██      ██    ██        ██            
              ████████████      ██  ████  ██████    ████  ██      ██  ██    ████                  
          ██████  ██          ██          ████    ████  ██          ██████  ██  ██████  ██        
        ██    ██  ████████  ████████  ██  ██    ██  ██  ██  ██████  ██████████████████████        
          ██    ████  ████  ████  ██  ██████      ██  ████    ████      ████    ██  ██  ██        
        ██  ██    ████████        ██    ████    ██  ████  ████          ██████      ████          
        ████  ██  ██            ████████    ██  ████  ██  ██  ████  ████  ██    ██  ██  ██        
            ██      ██  ██████    ████  ██    ██  ██████        ██  ████        ██                
          ██████████    ████  ████████  ██            ████    ██████  ████    ████                
        ██        ████████████  ████████    ██  ██████      ██████  ██      ████████  ████        
          ██          ████  ████████  ████  ██████████████    ██  ██  ██████████████  ████        
          ██        ██        ████  ██  ██████  ████  ██          ████  ██  ████████  ████        
        ████  ██████          ██      ██      ████      ██    ████      ██    ██                  
        ████      ████    ██          ██    ██  ████  ██████████    ██          ████    ██        
          ██    ██    ██████  ████    ██████  ████  ████████  ████    ████    ████    ██          
        ██  ██    ████        ████    ████  ██  ████  ████  ██          ██████  ████              
        ████  ██████  ██      ████            ██      ██                  ████    ██  ██          
          ████      ████████    ██      ████  ████████  ████        ██  ██████████████████        
                          ██  ██    ██  ████████████    ██    ██        ██      ██    ████        
        ██████████████  ██████████████  ██████  ██████████████  ██████████  ██  ██      ██        
        ██          ██        ████  ██████    ████████    ██            ██      ██  ████          
        ██  ██████  ██  ██  ██      ██      ██        ██    ██        ████████████████  ██        
        ██  ██████  ██  ██████      ████  ██      ██  ████████  ██          ██        ██          
        ██  ██████  ██  ██          ██      ██      ██      ██    ████  ██  ██                    
        ██          ██  ██      ██  ████  ██  ██  ████    ██    ██  ██          ██████████        
        ██████████████  ████████  ████  ██████  ██  ██    ████  ██████    ████  ██  ██  ██        
                                                                                                  
                                                                                                  
                                                                                                  
                                                                                                  ,Cappuccino,Large,50%,Nata de coco,Whipped cream,18500,25/06/2023 08:55:38
iVBORw0KGgoAAAANSUhEUgAAA9QAAAPUCAYAAABM1HGEAAAAAXNSR0IArs4c6QAAAARnQU1BAACxjwv8YQUAAAAJcEhZcwAAEnQAABJ0Ad5mH3gAAJsjSURBVHhe7PdBjmXJtitb/v53OrNwgVcSA5a5EMcYUzkAKVOhurZH2P/3/5uZmZmZmZmZX9sf1DMzMzMzMzP/YH9Qz8zMzMzMzPyD/UE9MzMzMzMz8w/2B/XMzMzMzMzMP9gf1DMzMzMzMzP/YH9Qz8zMzMzMzPyD/UE9MzMzMzMz8w/2B/XMzMzMzMzMP9gf1DMzMzMzMzP/YH9Qz8zMzMzMzPyD/UE9MzMzMzMz8w/2B/XMzMzMzMzMP9gf1DMzMzMzMzP/YH9Qz8zMzMzMzPyD/UE9MzMzMzMz8w/2B/XMzMzMzMzMP9gf1DMzMzMzMzP/YH9Qz8zMzMzMzPyD/UE9MzMzMzMz8w/2B/XMzMzMzMzMP9gf1DMzMzMzMzP/YH9Qz8zMzMzMzPyD/UE9MzMzMzMz8w/2B/XMzMzMzMzMP9gf1DMzMzMzMzP/YH9Qz8zMzMzMzPyD/UE9MzMzMzMz8w/2B/XMzMzMzMzMP9gf1DMzMzMzMzP/YH9Qz8zMzMzMzPyD/UE9MzMzMzMz8w/2B/XMzMzMzMzMP9gf1DMzMzMzMzP/YH9Qz8zMzMzMzPyD/UE9MzMzMzMz8w/2B/XMzMzMzMzMP9gf1DMzMzMzMzP/YH9Qz8zMzMzMzPyD/UE9MzMzMzMz8w/2B/XMzMzMzMzMP9gf1DMzMzMzMzP/YH9Qz8zMzMzMzPyD/UE9MzMzMzMz8w/2B/XMzMzMzMzMP9gf1DMzMzMzMzP/YH9Qz8zMzMzMzPyD/UE9MzMzMzMz8w/2B/XMzMzMzMzMP9gf1DMzMzMzMzP/YH9Qz8zMzMzMzPyD/UE9MzMzMzMz8w/2B/XMzMzMzMzMP9gf1DMzMzMzMzP/YH9Qz8zMzMzMzPyD/UE9MzMzMzMz8w/2B/XMzMzMzMzMP9gf1DMzMzMzMzP/YH9Qz8zMzMzMzPyD/UE9MzMzMzMz8w/2B/XMzMzMzMzMP9gf1DMzMzMzMzP/YH9Qz8zMzMzMzPyD/UE9MzMzMzMz8w/2B/XMzMzMzMzMP9gf1DMzMzMzMzP/YH9Qz8zMzMzMzPyD/UE9MzMzMzMz8w/2B/XMzMzMzMzMP9gf1DMzMzMzMzP/YH9Qz8zMzMzMzPyD/UE9MzMzMzMz8w/2B/XMzMzMzMzMP9gf1DMzMzMzMzP/YH9Qz8zMzMzMzPyD/UE9MzMzMzMz8w/2B/XMzMzMzMzMP9gf1DMzMzMzMzP/YH9Qz8zMzMzMzPyD/UE9MzMzMzMz8w/2B7X0//1//99an2tHZzbNbfTmpnZ0ZlMabVyuHZ3Z9Bq6g6ba0ZnX+qlxdoMSfZRr/VQ7OrNpbqM3N7WjM5vSaONy7ejMptfQHTTVjs681k+NsxuU6KNc66fa0ZlNcxu9uakdndmURhuXa0dnNr2G7qCpdnTmtX5qnN2gRB/lWj/Vjs5smtvozU3t6MymNNq4XDs6s+k1dAdNtaMzr/VT4+wGJfoo1/qpdnRm09xGb25qR2c2pdHG5drRmU2voTtoqh2dea2fGmc3KNFHudZPtaMzm+Y2enNTOzqzKY02LteOzmx6Dd1BU+3ozGv91Di7QYk+yrV+qh2d2TS30Zub2tGZTWm0cbl2dGbTa+gOmmpHZ17rp8bZDUr0Ua71U+3ozKa5jd7c1I7ObEqjjcu1ozObXkN30FQ7OvNaPzXOblCij3Ktn2pHZzbNbfTmpnZ0ZlMabVyuHZ3Z9Bq6g6ba0ZnX+qlxdoMSfZRr/VQ7OrNpbqM3N7WjM5vSaONy7ejMptfQHTTVjs681k+NsxuU6KNc66fa0ZlNcxu9uakdndmURhuXa0dnNr2G7qCpdnTmtX5qnN2gRB/lWj/Vjs5smtvozU3t6MymNNq4XDs6s+k1dAdNtaMzr/VT4+wGJfoo1/qpdnRm09xGb25qR2c2pdHG5drRmU2voTtoqh2dea2fGmc3KNFHudZPtaMzm+Y2enNTOzqzKY02LteOzmx6Dd1BU+3ozGv91Di7QYk+yrV+qh2d2TS30Zub2tGZTWm0cbl2dGbTa+gOmmpHZ17rp8bZDUr0Ua71U+3ozKa5jd7c1I7ObEqjjcu1ozObXkN30FQ7OvNaPzXOblCij3Ktn2pHZzbNbfTmpnZ0ZlMabVyuHZ3Z9Bq6g6ba0ZnX+qlxdoMSfZRr/VQ7OrNpbqM3N7WjM5vSaONy7ejMptfQHTTVjs681k+NsxuU6KNc66fa0ZlNcxu9uakdndmURhuXa0dnNr2G7qCpdnTmtX5qnN2gRB/lWj/Vjs5smtvozU3t6MymNNq4XDs6s+k1dAdNtaMzr/VT4+wGJfooTdOF3siURhumNNowjUN32tR0oTcyvYbuwNSOzmxqR2c2pdGGabrQG5nG2Q1K9FGapgu9kSmNNkxptGEah+60qelCb2R6Dd2BqR2d2dSOzmxKow3TdKE3Mo2zG5ToozRNF3ojUxptmNJowzQO3WlT04XeyPQaugNTOzqzqR2d2ZRGG6bpQm9kGmc3KNFHaZou9EamNNowpdGGaRy606amC72R6TV0B6Z2dGZTOzqzKY02TNOF3sg0zm5Qoo/SNF3ojUxptGFKow3TOHSnTU0XeiPTa+gOTO3ozKZ2dGZTGm2Ypgu9kWmc3aBEH6VputAbmdJow5RGG6Zx6E6bmi70RqbX0B2Y2tGZTe3ozKY02jBNF3oj0zi7QYk+StN0oTcypdGGKY02TOPQnTY1XeiNTK+hOzC1ozOb2tGZTWm0YZou9EamcXaDEn2UpulCb2RKow1TGm2YxqE7bWq60BuZXkN3YGpHZza1ozOb0mjDNF3ojUzj7AYl+ihN04XeyJRGG6Y02jCNQ3fa1HShNzK9hu7A1I7ObGpHZzal0YZputAbmcbZDUr0UZqmC72RKY02TGm0YRqH7rSp6UJvZHoN3YGpHZ3Z1I7ObEqjDdN0oTcyjbMblOijNE0XeiNTGm2Y0mjDNA7daVPThd7I9Bq6A1M7OrOpHZ3ZlEYbpulCb2QaZzco0Udpmi70RqY02jCl0YZpHLrTpqYLvZHpNXQHpnZ0ZlM7OrMpjTZM04XeyDTOblCij9I0XeiNTGm0YUqjDdM4dKdNTRd6I9Nr6A5M7ejMpnZ0ZlMabZimC72RaZzdoEQfpWm60BuZ0mjDlEYbpnHoTpuaLvRGptfQHZja0ZlN7ejMpjTaME0XeiPTOLtBiT5K03ShNzKl0YYpjTZM49CdNjVd6I1Mr6E7MLWjM5va0ZlNabRhmi70RqZxdoMSfZSm6UJvZEqjDVMabZjGoTttarrQG5leQ3dgakdnNrWjM5vSaMM0XeiNTOPsBiX6KE3Thd7IlEYbpjTaMI1Dd9rUdKE3Mr2G7sDUjs5sakdnNqXRhmm60BuZxtkNSvRRmqYLvZEpjTZMabRhGofutKnpQm9keg3dgakdndnUjs5sSqMN03ShNzKNsxuU6KM0TRd6I1MabZjSaMM0Dt1pU9OF3sj0GroDUzs6s6kdndmURhum6UJvZBpnNyjRR2maLvRGpjTaMKXRhmkcutOmpgu9kek1dAemdnRmUzs6symNNkzThd7INM5uUKKP0pRGG5dLow1TGm2Y0mjjcmm0sb6XRhumdnRmUxptXC6NNkxptNFUOzqzKY02LpdGG6ZxdoMSfZSmNNq4XBptmNJow5RGG5dLo431vTTaMLWjM5vSaONyabRhSqONptrRmU1ptHG5NNowjbMblOijNKXRxuXSaMOURhumNNq4XBptrO+l0YapHZ3ZlEYbl0ujDVMabTTVjs5sSqONy6XRhmmc3aBEH6UpjTYul0YbpjTaMKXRxuXSaGN9L402TO3ozKY02rhcGm2Y0mijqXZ0ZlMabVwujTZM4+wGJfooTWm0cbk02jCl0YYpjTYul0Yb63tptGFqR2c2pdHG5dJow5RGG021ozOb0mjjcmm0YRpnNyjRR2lKo43LpdGGKY02TGm0cbk02ljfS6MNUzs6symNNi6XRhumNNpoqh2d2ZRGG5dLow3TOLtBiT5KUxptXC6NNkxptGFKo43LpdHG+l4abZja0ZlNabRxuTTaMKXRRlPt6MymNNq4XBptmMbZDUr0UZrSaONyabRhSqMNUxptXC6NNtb30mjD1I7ObEqjjcul0YYpjTaaakdnNqXRxuXSaMM0zm5Qoo/SlEYbl0ujDVMabZjSaONyabSxvpdGG6Z2dGZTGm1cLo02TGm00VQ7OrMpjTYul0YbpnF2gxJ9lKY02rhcGm2Y0mjDlEYbl0ujjfW9NNowtaMzm9Jo43JptGFKo42m2tGZTWm0cbk02jCNsxuU6KM0pdHG5dJow5RGG6Y02rhcGm2s76XRhqkdndmURhuXS6MNUxptNNWOzmxKo43LpdGGaZzdoEQfpSmNNi6XRhumNNowpdHG5dJoY30vjTZM7ejMpjTauFwabZjSaKOpdnRmUxptXC6NNkzj7AYl+ihNabRxuTTaMKXRhimNNi6XRhvre2m0YWpHZzal0cbl0mjDlEYbTbWjM5vSaONyabRhGmc3KNFHaUqjjcul0YYpjTZMabRxuTTaWN9Low1TOzqzKY02LpdGG6Y02miqHZ3ZlEYbl0ujDdM4u0GJPkpTGm1cLo02TGm0YUqjjcul0cb6XhptmNrRmU1ptHG5NNowpdFGU+3ozKY02rhcGm2YxtkNSvRRmtJo43JptGFKow1TGm1cLo021vfSaMPUjs5sSqONy6XRhimNNppqR2c2pdHG5dJowzTOblCij9KURhuXS6MNUxptmNJo43JptLG+l0YbpnZ0ZlMabVwujTZMabTRVDs6symNNi6XRhumcXaDEn2UpjTauFwabZjSaMOURhuXS6ON9b002jC1ozOb0mjjcmm0YUqjjaba0ZlNabRxuTTaMI2zG5ToozSl0cbl0mjDlEYbpjTauFwabazvpdGGqR2d2ZRGG5dLow1TGm001Y7ObEqjjcul0YZpnN2gRB+lKY02LpdGG6Y02jCl0cbl0mhjfS+NNkzt6MymNNq4XBptmNJoo6l2dGZTGm1cLo02TOPsBiX6KE1ptHG5NNowtaMzN5VGG6bpQm/UVDs6s2kculNTGm009Rq6A1MabVwujTZM4+wGJfooTWm0cbk02jC1ozM3lUYbpulCb9RUOzqzaRy6U1MabTT1GroDUxptXC6NNkzj7AYl+ihNabRxuTTaMLWjMzeVRhum6UJv1FQ7OrNpHLpTUxptNPUaugNTGm1cLo02TOPsBiX6KE1ptHG5NNowtaMzN5VGG6bpQm/UVDs6s2kculNTGm009Rq6A1MabVwujTZM4+wGJfooTWm0cbk02jC1ozM3lUYbpulCb9RUOzqzaRy6U1MabTT1GroDUxptXC6NNkzj7AYl+ihNabRxuTTaMLWjMzeVRhum6UJv1FQ7OrNpHLpTUxptNPUaugNTGm1cLo02TOPsBiX6KE1ptHG5NNowtaMzN5VGG6bpQm/UVDs6s2kculNTGm009Rq6A1MabVwujTZM4+wGJfooTWm0cbk02jC1ozM3lUYbpulCb9RUOzqzaRy6U1MabTT1GroDUxptXC6NNkzj7AYl+ihNabRxuTTaMLWjMzeVRhum6UJv1FQ7OrNpHLpTUxptNPUaugNTGm1cLo02TOPsBiX6KE1ptHG5NNowtaMzN5VGG6bpQm/UVDs6s2kculNTGm009Rq6A1MabVwujTZM4+wGJfooTWm0cbk02jC1ozM3lUYbpulCb9RUOzqzaRy6U1MabTT1GroDUxptXC6NNkzj7AYl+ihNabRxuTTaMLWjMzeVRhum6UJv1FQ7OrNpHLpTUxptNPUaugNTGm1cLo02TOPsBiX6KE1ptHG5NNowtaMzN5VGG6bpQm/UVDs6s2kculNTGm009Rq6A1MabVwujTZM4+wGJfooTWm0cbk02jC1ozM3lUYbpulCb9RUOzqzaRy6U1MabTT1GroDUxptXC6NNkzj7AYl+ihNabRxuTTaMLWjMzeVRhum6UJv1FQ7OrNpHLpTUxptNPUaugNTGm1cLo02TOPsBiX6KE1ptHG5NNowtaMzN5VGG6bpQm/UVDs6s2kculNTGm009Rq6A1MabVwujTZM4+wGJfooTWm0cbk02jC1ozM3lUYbpulCb9RUOzqzaRy6U1MabTT1GroDUxptXC6NNkzj7AYl+ihNabRxuTTaMLWjMzeVRhum6UJv1FQ7OrNpHLpTUxptNPUaugNTGm1cLo02TOPsBiX6KE1ptHG5NNowtaMzN5VGG6bpQm/UVDs6s2kculNTGm009Rq6A1MabVwujTZM4+wGJfooTWm0cbk02jC1ozM3lUYbpulCb9RUOzqzaRy6U1MabTT1GroDUxptXC6NNkzj7AYl+ihNabRxuTTaMLWjM18ujTZMabRhakdnNs38JfomTe3ozJdLow1TGm1cLo02TOPsBiX6KE1ptHG5NNowtaMzXy6NNkxptGFqR2c2zfwl+iZN7ejMl0ujDVMabVwujTZM4+wGJfooTWm0cbk02jC1ozNfLo02TGm0YWpHZzbN/CX6Jk3t6MyXS6MNUxptXC6NNkzj7AYl+ihNabRxuTTaMLWjM18ujTZMabRhakdnNs38JfomTe3ozJdLow1TGm1cLo02TOPsBiX6KE1ptHG5NNowtaMzXy6NNkxptGFqR2c2zfwl+iZN7ejMl0ujDVMabVwujTZM4+wGJfooTWm0cbk02jC1ozNfLo02TGm0YWpHZzbN/CX6Jk3t6MyXS6MNUxptXC6NNkzj7AYl+ihNabRxuTTaMLWjM18ujTZMabRhakdnNs38JfomTe3ozJdLow1TGm1cLo02TOPsBiX6KE1ptHG5NNowtaMzXy6NNkxptGFqR2c2zfwl+iZN7ejMl0ujDVMabVwujTZM4+wGJfooTWm0cbk02jC1ozNfLo02TGm0YWpHZzbN/CX6Jk3t6MyXS6MNUxptXC6NNkzj7AYl+ihNabRxuTTaMLWjM18ujTZMabRhakdnNs38JfomTe3ozJdLow1TGm1cLo02TOPsBiX6KE1ptHG5NNowtaMzXy6NNkxptGFqR2c2zfwl+iZN7ejMl0ujDVMabVwujTZM4+wGJfooTWm0cbk02jC1ozNfLo02TGm0YWpHZzbN/CX6Jk3t6MyXS6MNUxptXC6NNkzj7AYl+ihNabRxuTTaMLWjM18ujTZMabRhakdnNs38JfomTe3ozJdLow1TGm1cLo02TOPsBiX6KE1ptHG5NNowtaMzXy6NNkxptGFqR2c2zfwl+iZN7ejMl0ujDVMabVwujTZM4+wGJfooTWm0cbk02jC1ozNfLo02TGm0YWpHZzbN/CX6Jk3t6MyXS6MNUxptXC6NNkzj7AYl+ihNabRxuTTaMLWjM18ujTZMabRhakdnNs38JfomTe3ozJdLow1TGm1cLo02TOPsBiX6KE1ptHG5NNowtaMzXy6NNkxptGFqR2c2zfwl+iZN7ejMl0ujDVMabVwujTZM4+wGJfooTWm0cbk02jC1ozNfLo02TGm0YWpHZzbN/CX6Jk3t6MyXS6MNUxptXC6NNkzj7AYl+ihNabRxuTTaMLWjM18ujTZMabRhakdnNs38JfomTe3ozJdLow1TGm1cLo02TOPsBiX6KE1ptHG5NNowtaMzXy6NNkxptGFqR2c2zfwl+iZN7ejMl0ujDVMabVwujTZM4+wGJfooTdOF3sjUjs7cVBptmF5Dd2BKow1TOzqzKY021vdeQ3dwuTTaME0XeiPTOLtBiT5K03ShNzK1ozM3lUYbptfQHZjSaMPUjs5sSqON9b3X0B1cLo02TNOF3sg0zm5Qoo/SNF3ojUzt6MxNpdGG6TV0B6Y02jC1ozOb0mhjfe81dAeXS6MN03ShNzKNsxuU6KM0TRd6I1M7OnNTabRheg3dgSmNNkzt6MymNNpY33sN3cHl0mjDNF3ojUzj7AYl+ihN04XeyNSOztxUGm2YXkN3YEqjDVM7OrMpjTbW915Dd3C5NNowTRd6I9M4u0GJPkrTdKE3MrWjMzeVRhum19AdmNJow9SOzmxKo431vdfQHVwujTZM04XeyDTOblCij9I0XeiNTO3ozE2l0YbpNXQHpjTaMLWjM5vSaGN97zV0B5dLow3TdKE3Mo2zG5ToozRNF3ojUzs6c1NptGF6Dd2BKY02TO3ozKY02ljfew3dweXSaMM0XeiNTOPsBiX6KE3Thd7I1I7O3FQabZheQ3dgSqMNUzs6symNNtb3XkN3cLk02jBNF3oj0zi7QYk+StN0oTcytaMzN5VGG6bX0B2Y0mjD1I7ObEqjjfW919AdXC6NNkzThd7INM5uUKKP0jRd6I1M7ejMTaXRhuk1dAemNNowtaMzm9JoY33vNXQHl0ujDdN0oTcyjbMblOijNE0XeiNTOzpzU2m0YXoN3YEpjTZM7ejMpjTaWN97Dd3B5dJowzRd6I1M4+wGJfooTdOF3sjUjs7cVBptmF5Dd2BKow1TOzqzKY021vdeQ3dwuTTaME0XeiPTOLtBiT5K03ShNzK1ozM3lUYbptfQHZjSaMPUjs5sSqON9b3X0B1cLo02TNOF3sg0zm5Qoo/SNF3ojUzt6MxNpdGG6TV0B6Y02jC1ozOb0mhjfe81dAeXS6MN03ShNzKNsxuU6KM0TRd6I1M7OnNTabRheg3dgSmNNkzt6MymNNpY33sN3cHl0mjDNF3ojUzj7AYl+ihN04XeyNSOztxUGm2YXkN3YEqjDVM7OrMpjTbW915Dd3C5NNowTRd6I9M4u0GJPkrTdKE3MrWjMzeVRhum19AdmNJow9SOzmxKo431vdfQHVwujTZM04XeyDTOblCij9I0XeiNTO3ozE2l0YbpNXQHpjTaMLWjM5vSaGN97zV0B5dLow3TdKE3Mo2zG5ToozRNF3ojUzs6c1NptGF6Dd2BKY02TO3ozKY02ljfew3dweXSaMM0XeiNTOPsBiX6KNf6qTTaMKXRhimNNkxptGFKow1TGm2Y0mjDlEYbpjTaMKXRhimNNkxptGFKow1TGm2s9VPj7AYl+ijX+qk02jCl0YYpjTZMabRhSqMNUxptmNJow5RGG6Y02jCl0YYpjTZMabRhSqMNUxptrPVT4+wGJfoo1/qpNNowpdGGKY02TGm0YUqjDVMabZjSaMOURhumNNowpdGGKY02TGm0YUqjDVMabaz1U+PsBiX6KNf6qTTaMKXRhimNNkxptGFKow1TGm2Y0mjDlEYbpjTaMKXRhimNNkxptGFKow1TGm2s9VPj7AYl+ijX+qk02jCl0YYpjTZMabRhSqMNUxptmNJow5RGG6Y02jCl0YYpjTZMabRhSqMNUxptrPVT4+wGJfoo1/qpNNowpdGGKY02TGm0YUqjDVMabZjSaMOURhumNNowpdGGKY02TGm0YUqjDVMabaz1U+PsBiX6KNf6qTTaMKXRhimNNkxptGFKow1TGm2Y0mjDlEYbpjTaMKXRhimNNkxptGFKow1TGm2s9VPj7AYl+ijX+qk02jCl0YYpjTZMabRhSqMNUxptmNJow5RGG6Y02jCl0YYpjTZMabRhSqMNUxptrPVT4+wGJfoo1/qpNNowpdGGKY02TGm0YUqjDVMabZjSaMOURhumNNowpdGGKY02TGm0YUqjDVMabaz1U+PsBiX6KNf6qTTaMKXRhimNNkxptGFKow1TGm2Y0mjDlEYbpjTaMKXRhimNNkxptGFKow1TGm2s9VPj7AYl+ijX+qk02jCl0YYpjTZMabRhSqMNUxptmNJow5RGG6Y02jCl0YYpjTZMabRhSqMNUxptrPVT4+wGJfoo1/qpNNowpdGGKY02TGm0YUqjDVMabZjSaMOURhumNNowpdGGKY02TGm0YUqjDVMabaz1U+PsBiX6KNf6qTTaMKXRhimNNkxptGFKow1TGm2Y0mjDlEYbpjTaMKXRhimNNkxptGFKow1TGm2s9VPj7AYl+ijX+qk02jCl0YYpjTZMabRhSqMNUxptmNJow5RGG6Y02jCl0YYpjTZMabRhSqMNUxptrPVT4+wGJfoo1/qpNNowpdGGKY02TGm0YUqjDVMabZjSaMOURhumNNowpdGGKY02TGm0YUqjDVMabaz1U+PsBiX6KNf6qTTaMKXRhimNNkxptGFKow1TGm2Y0mjDlEYbpjTaMKXRhimNNkxptGFKow1TGm2s9VPj7AYl+ijX+qk02jCl0YYpjTZMabRhSqMNUxptmNJow5RGG6Y02jCl0YYpjTZMabRhSqMNUxptrPVT4+wGJfoo1/qpNNowpdGGKY02TGm0YUqjDVMabZjSaMOURhumNNowpdGGKY02TGm0YUqjDVMabaz1U+PsBiX6KNf6qTTaMKXRhimNNkxptGFKow1TGm2Y0mjDlEYbpjTaMKXRhimNNkxptGFKow1TGm2s9VPj7AYl+ijX+qk02jCl0YYpjTZMabRhSqMNUxptmNJow5RGG6Y02jCl0YYpjTZMabRhSqMNUxptrPVT4+wGZ+b/oX9km0qjDVM7OrMpjTZMabRhSqMNUzs6s2kculPTzMx/xf7Fmpn/h/6npqk02jC1ozOb0mjDlEYbpjTaMLWjM5vGoTs1zcz8V+xfrJn5f+h/appKow1TOzqzKY02TGm0YUqjDVM7OrNpHLpT08zMf8X+xZqZ/4f+p6apNNowtaMzm9Jow5RGG6Y02jC1ozObxqE7Nc3M/FfsX6yZ+X/of2qaSqMNUzs6symNNkxptGFKow1TOzqzaRy6U9PMzH/F/sWamf+H/qemqTTaMLWjM5vSaMOURhumNNowtaMzm8ahOzXNzPxX7F+smfl/6H9qmkqjDVM7OrMpjTZMabRhSqMNUzs6s2kculPTzMx/xf7Fmpn/h/6npqk02jC1ozOb0mjDlEYbpjTaMLWjM5vGoTs1zcz8V+xfrJn5f+h/appKow1TOzqzKY02TGm0YUqjDVM7OrNpHLpT08zMf8X+xZqZ/4f+p6apNNowtaMzm9Jow5RGG6Y02jC1ozObxqE7Nc3M/FfsX6yZ+X/of2qaSqMNUzs6symNNkxptGFKow1TOzqzaRy6U9PMzH/F/sWamf+H/qemqTTaMLWjM5vSaMOURhumNNowtaMzm8ahOzXNzPxX7F+smfl/6H9qmkqjDVM7OrMpjTZMabRhSqMNUzs6s2kculPTzMx/xf7Fmpn/h/6npqk02jC1ozOb0mjDlEYbpjTaMLWjM5vGoTs1zcz8V+xfrJn5f+h/appKow1TOzqzKY02TGm0YUqjDVM7OrNpHLpT08zMf8X+xZqZ/4f+p6apNNowtaMzm9Jow5RGG6Y02jC1ozObxqE7Nc3M/FfsX6yZ+X/of2qaSqMNUzs6symNNkxptGFKow1TOzqzaRy6U9PMzH/F/sWamf+H/qemqTTaMLWjM5vSaMOURhumNNowtaMzm8ahOzXNzPxX7F+smfl/6H9qmkqjDVM7OrMpjTZMabRhSqMNUzs6s2kculPTzMx/xf7Fmpn/h/6npqk02jC1ozOb0mjDlEYbpjTaMLWjM5vGoTs1zcz8V+xfrDL0H5XLpdFGU+3ozE3NbfTmpnZ05qbSaKOpNNowvYbuoKm5jd68qemyFylDP5rLpdFGU+3ozE3NbfTmpnZ05qbSaKOpNNowvYbuoKm5jd68qemyFylDP5rLpdFGU+3ozE3NbfTmpnZ05qbSaKOpNNowvYbuoKm5jd68qemyFylDP5rLpdFGU+3ozE3NbfTmpnZ05qbSaKOpNNowvYbuoKm5jd68qemyFylDP5rLpdFGU+3ozE3NbfTmpnZ05qbSaKOpNNowvYbuoKm5jd68qemyFylDP5rLpdFGU+3ozE3NbfTmpnZ05qbSaKOpNNowvYbuoKm5jd68qemyFylDP5rLpdFGU+3ozE3NbfTmpnZ05qbSaKOpNNowvYbuoKm5jd68qemyFylDP5rLpdFGU+3ozE3NbfTmpnZ05qbSaKOpNNowvYbuoKm5jd68qemyFylDP5rLpdFGU+3ozE3NbfTmpnZ05qbSaKOpNNowvYbuoKm5jd68qemyFylDP5rLpdFGU+3ozE3NbfTmpnZ05qbSaKOpNNowvYbuoKm5jd68qemyFylDP5rLpdFGU+3ozE3NbfTmpnZ05qbSaKOpNNowvYbuoKm5jd68qemyFylDP5rLpdFGU+3ozE3NbfTmpnZ05qbSaKOpNNowvYbuoKm5jd68qemyFylDP5rLpdFGU+3ozE3NbfTmpnZ05qbSaKOpNNowvYbuoKm5jd68qemyFylDP5rLpdFGU+3ozE3NbfTmpnZ05qbSaKOpNNowvYbuoKm5jd68qemyFylDP5rLpdFGU+3ozE3NbfTmpnZ05qbSaKOpNNowvYbuoKm5jd68qemyFylDP5rLpdFGU+3ozE3NbfTmpnZ05qbSaKOpNNowvYbuoKm5jd68qemyFylDP5rLpdFGU+3ozE3NbfTmpnZ05qbSaKOpNNowvYbuoKm5jd68qemyFylDP5rLpdFGU+3ozE3NbfTmpnZ05qbSaKOpNNowvYbuoKm5jd68qemyFylDP5rLpdFGU+3ozE3NbfTmpnZ05qbSaKOpNNowvYbuoKm5jd68qemyFylDP5rLpdFGU+3ozE3NbfTmpnZ05qbSaKOpNNowvYbuoKm5jd68qemyF5HoI28qjTZMabRhmvlL9E2aXkN3cLk02jCl0YbpNXQH63vt6MymNNpoKo02mhpnNyjRR9lUGm2Y0mjDNPOX6Js0vYbu4HJptGFKow3Ta+gO1vfa0ZlNabTRVBptNDXOblCij7KpNNowpdGGaeYv0Tdpeg3dweXSaMOURhum19AdrO+1ozOb0mijqTTaaGqc3aBEH2VTabRhSqMN08xfom/S9Bq6g8ul0YYpjTZMr6E7WN9rR2c2pdFGU2m00dQ4u0GJPsqm0mjDlEYbppm/RN+k6TV0B5dLow1TGm2YXkN3sL7Xjs5sSqONptJoo6lxdoMSfZRNpdGGKY02TDN/ib5J02voDi6XRhumNNowvYbuYH2vHZ3ZlEYbTaXRRlPj7AYl+iibSqMNUxptmGb+En2TptfQHVwujTZMabRheg3dwfpeOzqzKY02mkqjjabG2Q1K9FE2lUYbpjTaMM38JfomTa+hO7hcGm2Y0mjD9Bq6g/W9dnRmUxptNJVGG02NsxuU6KNsKo02TGm0YZr5S/RNml5Dd3C5NNowpdGG6TV0B+t77ejMpjTaaCqNNpoaZzco0UfZVBptmNJowzTzl+ibNL2G7uByabRhSqMN02voDtb32tGZTWm00VQabTQ1zm5Qoo+yqTTaMKXRhmnmL9E3aXoN3cHl0mjDlEYbptfQHazvtaMzm9Joo6k02mhqnN2gRB9lU2m0YUqjDdPMX6Jv0vQauoPLpdGGKY02TK+hO1jfa0dnNqXRRlNptNHUOLtBiT7KptJow5RGG6aZv0TfpOk1dAeXS6MNUxptmF5Dd7C+147ObEqjjabSaKOpcXaDEn2UTaXRhimNNkwzf4m+SdNr6A4ul0YbpjTaML2G7mB9rx2d2ZRGG02l0UZT4+wGJfoom0qjDVMabZhm/hJ9k6bX0B1cLo02TGm0YXoN3cH6Xjs6symNNppKo42mxtkNSvRRNpVGG6Y02jDN/CX6Jk2voTu4XBptmNJow/QauoP1vXZ0ZlMabTSVRhtNjbMblOijbCqNNkxptGGa+Uv0TZpeQ3dwuTTaMKXRhuk1dAfre+3ozKY02mgqjTaaGmc3KNFH2VQabZjSaMM085fomzS9hu7gcmm0YUqjDdNr6A7W99rRmU1ptNFUGm00Nc5uUKKPsqk02jCl0YZp5i/RN2l6Dd3B5dJow5RGG6bX0B2s77WjM5vSaKOpNNpoapzdoEQfZVNptGFKow3TzF+ib9L0GrqDy6XRhimNNkyvoTtY32tHZzal0UZTabTR1Di7wePoR3O5NNowpdGGabrQGzWVRhum19AdNJVGG6Y02jCl0cblXkN3YGpHZ25qbtsLH0c/6sul0YYpjTZM04XeqKk02jC9hu6gqTTaMKXRhimNNi73GroDUzs6c1Nz2174OPpRXy6NNkxptGGaLvRGTaXRhuk1dAdNpdGGKY02TGm0cbnX0B2Y2tGZm5rb9sLH0Y/6cmm0YUqjDdN0oTdqKo02TK+hO2gqjTZMabRhSqONy72G7sDUjs7c1Ny2Fz6OftSXS6MNUxptmKYLvVFTabRheg3dQVNptGFKow1TGm1c7jV0B6Z2dOam5ra98HH0o75cGm2Y0mjDNF3ojZpKow3Ta+gOmkqjDVMabZjSaONyr6E7MLWjMzc1t+2Fj6Mf9eXSaMOURhum6UJv1FQabZheQ3fQVBptmNJow5RGG5d7Dd2BqR2duam5bS98HP2oL5dGG6Y02jBNF3qjptJow/QauoOm0mjDlEYbpjTauNxr6A5M7ejMTc1te+Hj6Ed9uTTaMKXRhmm60Bs1lUYbptfQHTSVRhumNNowpdHG5V5Dd2BqR2duam7bCx9HP+rLpdGGKY02TNOF3qipNNowvYbuoKk02jCl0YYpjTYu9xq6A1M7OnNTc9te+Dj6UV8ujTZMabRhmi70Rk2l0YbpNXQHTaXRhimNNkxptHG519AdmNrRmZua2/bCx9GP+nJptGFKow3TdKE3aiqNNkyvoTtoKo02TGm0YUqjjcu9hu7A1I7O3NTcthc+jn7Ul0ujDVMabZimC71RU2m0YXoN3UFTabRhSqMNUxptXO41dAemdnTmpua2vfBx9KO+XBptmNJowzRd6I2aSqMN02voDppKow1TGm2Y0mjjcq+hOzC1ozM3NbfthY+jH/Xl0mjDlEYbpulCb9RUGm2YXkN30FQabZjSaMOURhuXew3dgakdnbmpuW0vfBz9qC+XRhumNNowTRd6o6bSaMP0GrqDptJow5RGG6Y02rjca+gOTO3ozE3NbXvh4+hHfbk02jCl0YZputAbNZVGG6bX0B00lUYbpjTaMKXRxuVeQ3dgakdnbmpu2wsfRz/qy6XRhimNNkzThd6oqTTaML2G7qCpNNowpdGGKY02LvcaugNTOzpzU3PbXvg4+lFfLo02TGm0YZou9EZNpdGG6TV0B02l0YYpjTZMabRxudfQHZja0Zmbmtv2wsfRj/pyabRhSqMN03ShN2oqjTZMr6E7aCqNNkxptGFKo43LvYbuwNSOztzU3LYXnlPoHzHTdKE3MqXRhmkcutO1/le1ozObXkN3YJrb6M1N02UvMqfQPzqm6UJvZEqjDdM4dKdr/a9qR2c2vYbuwDS30ZubpsteZE6hf3RM04XeyJRGG6Zx6E7X+l/Vjs5seg3dgWluozc3TZe9yJxC/+iYpgu9kSmNNkzj0J2u9b+qHZ3Z9Bq6A9PcRm9umi57kTmF/tExTRd6I1MabZjGoTtd639VOzqz6TV0B6a5jd7cNF32InMK/aNjmi70RqY02jCNQ3e61v+qdnRm02voDkxzG725abrsReYU+kfHNF3ojUxptGEah+50rf9V7ejMptfQHZjmNnpz03TZi8wp9I+OabrQG5nSaMM0Dt3pWv+r2tGZTa+hOzDNbfTmpumyF5lT6B8d03ShNzKl0YZpHLrTtf5XtaMzm15Dd2Ca2+jNTdNlLzKn0D86pulCb2RKow3TOHSna/2vakdnNr2G7sA0t9Gbm6bLXmROoX90TNOF3siURhumcehO1/pf1Y7ObHoN3YFpbqM3N02XvcicQv/omKYLvZEpjTZM49CdrvW/qh2d2fQaugPT3EZvbpoue5E5hf7RMU0XeiNTGm2YxqE7Xet/VTs6s+k1dAemuY3e3DRd9iJzCv2jY5ou9EamNNowjUN3utb/qnZ0ZtNr6A5Mcxu9uWm67EXmFPpHxzRd6I1MabRhGofudK3/Ve3ozKbX0B2Y5jZ6c9N02YvMKfSPjmm60BuZ0mjDNA7d6Vr/q9rRmU2voTswzW305qbpsheZU+gfHdN0oTcypdGGaRy607X+V7WjM5teQ3dgmtvozU3TZS8yp9A/OqbpQm9kSqMN0zh0p2v9r2pHZza9hu7ANLfRm5umy15kTqF/dEzThd7IlEYbpnHoTtf6X9WOzmx6Dd2BaW6jNzdNl73InEL/6JimC72RKY02TOPQna71v6odndn0GroD09xGb26aLnsRiT7yy6XRxuXSaMPUjs68vpdGG6Z2dOb1d6XRRlPj0J1e7jV0B5ebLnsRiT7yy6XRxuXSaMPUjs68vpdGG6Z2dOb1d6XRRlPj0J1e7jV0B5ebLnsRiT7yy6XRxuXSaMPUjs68vpdGG6Z2dOb1d6XRRlPj0J1e7jV0B5ebLnsRiT7yy6XRxuXSaMPUjs68vpdGG6Z2dOb1d6XRRlPj0J1e7jV0B5ebLnsRiT7yy6XRxuXSaMPUjs68vpdGG6Z2dOb1d6XRRlPj0J1e7jV0B5ebLnsRiT7yy6XRxuXSaMPUjs68vpdGG6Z2dOb1d6XRRlPj0J1e7jV0B5ebLnsRiT7yy6XRxuXSaMPUjs68vpdGG6Z2dOb1d6XRRlPj0J1e7jV0B5ebLnsRiT7yy6XRxuXSaMPUjs68vpdGG6Z2dOb1d6XRRlPj0J1e7jV0B5ebLnsRiT7yy6XRxuXSaMPUjs68vpdGG6Z2dOb1d6XRRlPj0J1e7jV0B5ebLnsRiT7yy6XRxuXSaMPUjs68vpdGG6Z2dOb1d6XRRlPj0J1e7jV0B5ebLnsRiT7yy6XRxuXSaMPUjs68vpdGG6Z2dOb1d6XRRlPj0J1e7jV0B5ebLnsRiT7yy6XRxuXSaMPUjs68vpdGG6Z2dOb1d6XRRlPj0J1e7jV0B5ebLnsRiT7yy6XRxuXSaMPUjs68vpdGG6Z2dOb1d6XRRlPj0J1e7jV0B5ebLnsRiT7yy6XRxuXSaMPUjs68vpdGG6Z2dOb1d6XRRlPj0J1e7jV0B5ebLnsRiT7yy6XRxuXSaMPUjs68vpdGG6Z2dOb1d6XRRlPj0J1e7jV0B5ebLnsRiT7yy6XRxuXSaMPUjs68vpdGG6Z2dOb1d6XRRlPj0J1e7jV0B5ebLnsRiT7yy6XRxuXSaMPUjs68vpdGG6Z2dOb1d6XRRlPj0J1e7jV0B5ebLnsRiT7yy6XRxuXSaMPUjs68vpdGG6Z2dOb1d6XRRlPj0J1e7jV0B5ebLnsRiT7yy6XRxuXSaMPUjs68vpdGG6Z2dOb1d6XRRlPj0J1e7jV0B5ebLnsRiT7yy6XRxuXSaMPUjs68vpdGG6Z2dOb1d6XRRlPj0J1e7jV0B5ebLnuRMvSjudw4dKeXS6ONy72G7sCURhtNpdGGqR2d2ZRGG6Z2dOb1vXZ05qbSaMM0zm6wDH3klxuH7vRyabRxudfQHZjSaKOpNNowtaMzm9Jow9SOzry+147O3FQabZjG2Q2WoY/8cuPQnV4ujTYu9xq6A1MabTSVRhumdnRmUxptmNrRmdf32tGZm0qjDdM4u8Ey9JFfbhy608ul0cblXkN3YEqjjabSaMPUjs5sSqMNUzs68/peOzpzU2m0YRpnN1iGPvLLjUN3erk02rjca+gOTGm00VQabZja0ZlNabRhakdnXt9rR2duKo02TOPsBsvQR365cehOL5dGG5d7Dd2BKY02mkqjDVM7OrMpjTZM7ejM63vt6MxNpdGGaZzdYBn6yC83Dt3p5dJo43KvoTswpdFGU2m0YWpHZzal0YapHZ15fa8dnbmpNNowjbMbLEMf+eXGoTu9XBptXO41dAemNNpoKo02TO3ozKY02jC1ozOv77WjMzeVRhumcXaDZegjv9w4dKeXS6ONy72G7sCURhtNpdGGqR2d2ZRGG6Z2dOb1vXZ05qbSaMM0zm6wDH3klxuH7vRyabRxudfQHZjSaKOpNNowtaMzm9Jow9SOzry+147O3FQabZjG2Q2WoY/8cuPQnV4ujTYu9xq6A1MabTSVRhumdnRmUxptmNrRmdf32tGZm0qjDdM4u8Ey9JFfbhy608ul0cblXkN3YEqjjabSaMPUjs5sSqMNUzs68/peOzpzU2m0YRpnN1iGPvLLjUN3erk02rjca+gOTGm00VQabZja0ZlNabRhakdnXt9rR2duKo02TOPsBsvQR365cehOL5dGG5d7Dd2BKY02mkqjDVM7OrMpjTZM7ejM63vt6MxNpdGGaZzdYBn6yC83Dt3p5dJo43KvoTswpdFGU2m0YWpHZzal0YapHZ15fa8dnbmpNNowjbMbLEMf+eXGoTu9XBptXO41dAemNNpoKo02TO3ozKY02jC1ozOv77WjMzeVRhumcXaDZegjv9w4dKeXS6ONy72G7sCURhtNpdGGqR2d2ZRGG6Z2dOb1vXZ05qbSaMM0zm6wDH3klxuH7vRyabRxudfQHZjSaKOpNNowtaMzm9Jow9SOzry+147O3FQabZjG2Q2WoY/8cuPQnV4ujTYu9xq6A1MabTSVRhumdnRmUxptmNrRmdf32tGZm0qjDdM4u8Ey9JFfbhy608ul0cblXkN3YEqjjabSaMPUjs5sSqMNUzs68/peOzpzU2m0YRpnNzi/Qj/CptJowzQO3enlXkN3YGpHZzal0YYpjTZMabRxuTTaaCqNNi73GrqDpsbZDc6v0I+wqTTaMI1Dd3q519AdmNrRmU1ptGFKow1TGm1cLo02mkqjjcu9hu6gqXF2g/Mr9CNsKo02TOPQnV7uNXQHpnZ0ZlMabZjSaMOURhuXS6ONptJo43KvoTtoapzd4PwK/QibSqMN0zh0p5d7Dd2BqR2d2ZRGG6Y02jCl0cbl0mijqTTauNxr6A6aGmc3OL9CP8Km0mjDNA7d6eVeQ3dgakdnNqXRhimNNkxptHG5NNpoKo02LvcauoOmxtkNzq/Qj7CpNNowjUN3ernX0B2Y2tGZTWm0YUqjDVMabVwujTaaSqONy72G7qCpcXaD8yv0I2wqjTZM49CdXu41dAemdnRmUxptmNJow5RGG5dLo42m0mjjcq+hO2hqnN3g/Ar9CJtKow3TOHSnl3sN3YGpHZ3ZlEYbpjTaMKXRxuXSaKOpNNq43GvoDpoaZzc4v0I/wqbSaMM0Dt3p5V5Dd2BqR2c2pdGGKY02TGm0cbk02mgqjTYu9xq6g6bG2Q3Or9CPsKk02jCNQ3d6udfQHZja0ZlNabRhSqMNUxptXC6NNppKo43LvYbuoKlxdoPzK/QjbCqNNkzj0J1e7jV0B6Z2dGZTGm2Y0mjDlEYbl0ujjabSaONyr6E7aGqc3eD8Cv0Im0qjDdM4dKeXew3dgakdndmURhumNNowpdHG5dJoo6k02rjca+gOmhpnNzi/Qj/CptJowzQO3enlXkN3YGpHZzal0YYpjTZMabRxuTTaaCqNNi73GrqDpsbZDc6v0I+wqTTaMI1Dd3q519AdmNrRmU1ptGFKow1TGm1cLo02mkqjjcu9hu6gqXF2g/Mr9CNsKo02TOPQnV7uNXQHpnZ0ZlMabZjSaMOURhuXS6ONptJo43KvoTtoapzd4PwK/QibSqMN0zh0p5d7Dd2BqR2d2ZRGG6Y02jCl0cbl0mijqTTauNxr6A6aGmc3OL9CP8Km0mjDNA7d6eVeQ3dgakdnNqXRhimNNkxptHG5NNpoKo02LvcauoOmxtkNzq/Qj7CpNNowjUN3ernX0B2Y2tGZTWm0YUqjDVMabVwujTaaSqONy72G7qCpcXaD8yv0I2wqjTZM49CdXu41dAemdnRmUxptmNJow5RGG5dLo42m0mjjcq+hO2hqnN3g/Ar9CJtKow3TOHSnl3sN3YGpHZ3ZlEYbpjTaMKXRxuXSaKOpNNq43GvoDpoaZzco0UfZVDs6c1NptGFKow3TOHSnTaXRhimNNpp6Dd2B6TV0B6Y02mjqNXQHTb2G7sA0zm5Qoo+yqXZ05qbSaMOURhumcehOm0qjDVMabTT1GroD02voDkxptNHUa+gOmnoN3YFpnN2gRB9lU+3ozE2l0YYpjTZM49CdNpVGG6Y02mjqNXQHptfQHZjSaKOp19AdNPUaugPTOLtBiT7KptrRmZtKow1TGm2YxqE7bSqNNkxptNHUa+gOTK+hOzCl0UZTr6E7aOo1dAemcXaDEn2UTbWjMzeVRhumNNowjUN32lQabZjSaKOp19AdmF5Dd2BKo42mXkN30NRr6A5M4+wGJfoom2pHZ24qjTZMabRhGofutKk02jCl0UZTr6E7ML2G7sCURhtNvYbuoKnX0B2YxtkNSvRRNtWOztxUGm2Y0mjDNA7daVNptGFKo42mXkN3YHoN3YEpjTaaeg3dQVOvoTswjbMblOijbKodnbmpNNowpdGGaRy606bSaMOURhtNvYbuwPQaugNTGm009Rq6g6ZeQ3dgGmc3KNFH2VQ7OnNTabRhSqMN0zh0p02l0YYpjTaaeg3dgek1dAemNNpo6jV0B029hu7ANM5uUKKPsql2dOam0mjDlEYbpnHoTptKow1TGm009Rq6A9Nr6A5MabTR1GvoDpp6Dd2BaZzdoEQfZVPt6MxNpdGGKY02TOPQnTaVRhumNNpo6jV0B6bX0B2Y0mijqdfQHTT1GroD0zi7QYk+yqba0ZmbSqMNUxptmMahO20qjTZMabTR1GvoDkyvoTswpdFGU6+hO2jqNXQHpnF2gxJ9lE21ozM3lUYbpjTaMI1Dd9pUGm2Y0mijqdfQHZheQ3dgSqONpl5Dd9DUa+gOTOPsBiX6KJtqR2duKo02TGm0YRqH7rSpNNowpdFGU6+hOzC9hu7AlEYbTb2G7qCp19AdmMbZDUr0UTbVjs7cVBptmNJowzQO3WlTabRhSqONpl5Dd2B6Dd2BKY02mnoN3UFTr6E7MI2zG5Too2yqHZ25qTTaMKXRhmkcutOm0mjDlEYbTb2G7sD0GroDUxptNPUauoOmXkN3YBpnNyjRR9lUOzpzU2m0YUqjDdM4dKdNpdGGKY02mnoN3YHpNXQHpjTaaOo1dAdNvYbuwDTOblCij7KpdnTmptJow5RGG6Zx6E6bSqMNUxptNPUaugPTa+gOTGm00dRr6A6aeg3dgWmc3aBEH2VT7ejMTaXRhimNNkzj0J02lUYbpjTaaOo1dAem19AdmNJoo6nX0B009Rq6A9M4u0GJPsqm2tGZm0qjDVMabZjGoTttKo02TGm00dRr6A5Mr6E7MKXRRlOvoTto6jV0B6ZxdoMSfZSmNNowpdGGKY021vfSaMM08xv0Da21/q92dGZTGm2Y0mijqXZ05qbG2Q1K9FGa0mjDlEYbpjTaWN9Low3TzG/QN7TW+r/a0ZlNabRhSqONptrRmZsaZzco0UdpSqMNUxptmNJoY30vjTZMM79B39Ba6/9qR2c2pdGGKY02mmpHZ25qnN2gRB+lKY02TGm0YUqjjfW9NNowzfwGfUNrrf+rHZ3ZlEYbpjTaaKodnbmpcXaDEn2UpjTaMKXRhimNNtb30mjDNPMb9A2ttf6vdnRmUxptmNJoo6l2dOamxtkNSvRRmtJow5RGG6Y02ljfS6MN08xv0De01vq/2tGZTWm0YUqjjaba0ZmbGmc3KNFHaUqjDVMabZjSaGN9L402TDO/Qd/QWuv/akdnNqXRhimNNppqR2duapzdoEQfpSmNNkxptGFKo431vTTaMM38Bn1Da63/qx2d2ZRGG6Y02miqHZ25qXF2gxJ9lKY02jCl0YYpjTbW99JowzTzG/QNrbX+r3Z0ZlMabZjSaKOpdnTmpsbZDUr0UZrSaMOURhumNNpY30ujDdPMb9A3tNb6v9rRmU1ptGFKo42m2tGZmxpnNyjRR2lKow1TGm2Y0mhjfS+NNkwzv0Hf0Frr/2pHZzal0YYpjTaaakdnbmqc3aBEH6UpjTZMabRhSqON9b002jDN/AZ9Q2ut/6sdndmURhumNNpoqh2dualxdoMSfZSmNNowpdGGKY021vfSaMM08xv0Da21/q92dGZTGm2Y0mijqXZ05qbG2Q1K9FGa0mjDlEYbpjTaWN9Low3TzG/QN7TW+r/a0ZlNabRhSqONptrRmZsaZzco0UdpSqMNUxptmNJoY30vjTZMM79B39Ba6/9qR2c2pdGGKY02mmpHZ25qnN2gRB+lKY02TGm0YUqjjfW9NNowzfwGfUNrrf+rHZ3ZlEYbpjTaaKodnbmpcXaDEn2UpjTaMKXRhimNNtb30mjDNPMb9A2ttf6vdnRmUxptmNJoo6l2dOamxtkNSvRRmtJow5RGG6Y02ljfS6MN08xv0De01vq/2tGZTWm0YUqjjaba0ZmbGmc3KNFHaUqjDVMabZjSaGN9L402TDO/Qd/QWuv/akdnNqXRhimNNppqR2duapzdoEQfpSmNNkxptGFKo431vTTaMM38Bn1Da63/qx2d2ZRGG6Y02miqHZ25qXF2g2XoIzel0cblXkN3YBqH7tQ0XeiNTO3ozKbX0B2s77WjM5vSaMOURhummd/YF1OGftSmNNq43GvoDkzj0J2apgu9kakdndn0GrqD9b12dGZTGm2Y0mjDNPMb+2LK0I/alEYbl3sN3YFpHLpT03ShNzK1ozObXkN3sL7Xjs5sSqMNUxptmGZ+Y19MGfpRm9Jo43KvoTswjUN3apou9EamdnRm02voDtb32tGZTWm0YUqjDdPMb+yLKUM/alMabVzuNXQHpnHoTk3Thd7I1I7ObHoN3cH6Xjs6symNNkxptGGa+Y19MWXoR21Ko43LvYbuwDQO3alputAbmdrRmU2voTtY32tHZzal0YYpjTZMM7+xL6YM/ahNabRxudfQHZjGoTs1TRd6I1M7OrPpNXQH63vt6MymNNowpdGGaeY39sWUoR+1KY02LvcaugPTOHSnpulCb2RqR2c2vYbuYH2vHZ3ZlEYbpjTaMM38xr6YMvSjNqXRxuVeQ3dgGofu1DRd6I1M7ejMptfQHazvtaMzm9Jow5RGG6aZ39gXU4Z+1KY02rjca+gOTOPQnZqmC72RqR2d2fQauoP1vXZ0ZlMabZjSaMM08xv7YsrQj9qURhuXew3dgWkculPTdKE3MrWjM5teQ3ewvteOzmxKow1TGm2YZn5jX0wZ+lGb0mjjcq+hOzCNQ3dqmi70RqZ2dGbTa+gO1vfa0ZlNabRhSqMN08xv7IspQz9qUxptXO41dAemcehOTdOF3sjUjs5seg3dwfpeOzqzKY02TGm0YZr5jX0xZehHbUqjjcu9hu7ANA7dqWm60BuZ2tGZTa+hO1jfa0dnNqXRhimNNkwzv7Evpgz9qE1ptHG519AdmMahOzVNF3ojUzs6s+k1dAfre+3ozKY02jCl0YZp5jf2xZShH7UpjTYu9xq6A9M4dKem6UJvZGpHZza9hu5gfa8dndmURhumNNowzfzGvpgy9KM2pdHG5V5Dd2Aah+7UNF3ojUzt6Mym19AdrO+1ozOb0mjDlEYbppnf2BdThn7UpjTauNxr6A5M49CdmqYLvZGpHZ3Z9Bq6g/W9dnRmUxptmNJowzTzG/tiytCP2pRGG5d7Dd2BaRy6U9N0oTcytaMzm15Dd7C+147ObEqjDVMabZhmfmNfTBn6UZvSaONyr6E7MI1Dd2qaLvRGpnZ0ZtNr6A7W99rRmU1ptGFKow3TzG/si5HoR9hUGm2Y0mhjfW8cutO1fiqNNkzt6Mzr70qjDVM7OrPpNXQHl5suexGJPvKm0mjDlEYb63vj0J2u9VNptGFqR2def1cabZja0ZlNr6E7uNx02YtI9JE3lUYbpjTaWN8bh+50rZ9Kow1TOzrz+rvSaMPUjs5seg3dweWmy15Eoo+8qTTaMKXRxvreOHSna/1UGm2Y2tGZ19+VRhumdnRm02voDi43XfYiEn3kTaXRhimNNtb3xqE7Xeun0mjD1I7OvP6uNNowtaMzm15Dd3C56bIXkegjbyqNNkxptLG+Nw7d6Vo/lUYbpnZ05vV3pdGGqR2d2fQauoPLTZe9iEQfeVNptGFKo431vXHoTtf6qTTaMLWjM6+/K402TO3ozKbX0B1cbrrsRST6yJtKow1TGm2s741Dd7rWT6XRhqkdnXn9XWm0YWpHZza9hu7gctNlLyLRR95UGm2Y0mhjfW8cutO1fiqNNkzt6Mzr70qjDVM7OrPpNXQHl5suexGJPvKm0mjDlEYb63vj0J2u9VNptGFqR2def1cabZja0ZlNr6E7uNx02YtI9JE3lUYbpjTaWN8bh+50rZ9Kow1TOzrz+rvSaMPUjs5seg3dweWmy15Eoo+8qTTaMKXRxvreOHSna/1UGm2Y2tGZ19+VRhumdnRm02voDi43XfYiEn3kTaXRhimNNtb3xqE7Xeun0mjD1I7OvP6uNNowtaMzm15Dd3C56bIXkegjbyqNNkxptLG+Nw7d6Vo/lUYbpnZ05vV3pdGGqR2d2fQauoPLTZe9iEQfeVNptGFKo431vXHoTtf6qTTaMLWjM6+/K402TO3ozKbX0B1cbrrsRST6yJtKow1TGm2s741Dd7rWT6XRhqkdnXn9XWm0YWpHZza9hu7gctNlLyLRR95UGm2Y0mhjfW8cutO1fiqNNkzt6Mzr70qjDVM7OrPpNXQHl5suexGJPvKm0mjDlEYb63vj0J2u9VNptGFqR2def1cabZja0ZlNr6E7uNx02YtI9JE3lUYbpjTaWN8bh+50rZ9Kow1TOzrz+rvSaMPUjs5seg3dweWmy15Eoo+8qTTaMKXRxvreOHSna/1UGm2Y2tGZ19+VRhumdnRm02voDi43XfYiEn3kpjTaWN9rR2c2pdGGaeYv0TdpakdnbiqNNtbf1Y7ObEqjjabSaKOpuW0vLNGPxpRGG+t77ejMpjTaMM38JfomTe3ozE2l0cb6u9rRmU1ptNFUGm00NbfthSX60ZjSaGN9rx2d2ZRGG6aZv0TfpKkdnbmpNNpYf1c7OrMpjTaaSqONpua2vbBEPxpTGm2s77WjM5vSaMM085fomzS1ozM3lUYb6+9qR2c2pdFGU2m00dTctheW6EdjSqON9b12dGZTGm2YZv4SfZOmdnTmptJoY/1d7ejMpjTaaCqNNpqa2/bCEv1oTGm0sb7Xjs5sSqMN08xfom/S1I7O3FQabay/qx2d2ZRGG02l0UZTc9teWKIfjSmNNtb32tGZTWm0YZr5S/RNmtrRmZtKo431d7WjM5vSaKOpNNpoam7bC0v0ozGl0cb6Xjs6symNNkwzf4m+SVM7OnNTabSx/q52dGZTGm00lUYbTc1te2GJfjSmNNpY32tHZzal0YZp5i/RN2lqR2duKo021t/Vjs5sSqONptJoo6m5bS8s0Y/GlEYb63vt6MymNNowzfwl+iZN7ejMTaXRxvq72tGZTWm00VQabTQ1t+2FJfrRmNJoY32vHZ3ZlEYbppm/RN+kqR2duak02lh/Vzs6symNNppKo42m5ra9sEQ/GlMabazvtaMzm9JowzTzl+ibNLWjMzeVRhvr72pHZzal0UZTabTR1Ny2F5boR2NKo431vXZ0ZlMabZhm/hJ9k6Z2dOam0mhj/V3t6MymNNpoKo02mprb9sIS/WhMabSxvteOzmxKow3TzF+ib9LUjs7cVBptrL+rHZ3ZlEYbTaXRRlNz215Yoh+NKY021vfa0ZlNabRhmvlL9E2a2tGZm0qjjfV3taMzm9Joo6k02mhqbtsLS/SjMaXRxvpeOzqzKY02TDN/ib5JUzs6c1NptLH+rnZ0ZlMabTSVRhtNzW17YYl+NKY02ljfa0dnNqXRhmnmL9E3aWpHZ24qjTbW39WOzmxKo42m0mijqbltLyzRj8aURhvre+3ozKY02jDN/CX6Jk3t6MxNpdHG+rva0ZlNabTRVBptNDW37YUl+tGY0mhjfa8dndmURhummb9E36SpHZ25qTTaWH9XOzqzKY02mkqjjabmtr2wRD8aUxptrO+1ozOb0mjDNPOX6Js0taMzN5VGG+vvakdnNqXRRlNptNHU3LYXluhHY3oN3cH6Xjs6s2kcutPLjUN3ampHZ17fa0dnNqXRxrpTGm2YxtkNSvRRml5Dd7C+147ObBqH7vRy49CdmtrRmdf32tGZTWm0se6URhumcXaDEn2UptfQHazvtaMzm8ahO73cOHSnpnZ05vW9dnRmUxptrDul0YZpnN2gRB+l6TV0B+t77ejMpnHoTi83Dt2pqR2deX2vHZ3ZlEYb605ptGEaZzco0Udpeg3dwfpeOzqzaRy608uNQ3dqakdnXt9rR2c2pdHGulMabZjG2Q1K9FGaXkN3sL7Xjs5sGofu9HLj0J2a2tGZ1/fa0ZlNabSx7pRGG6ZxdoMSfZSm19AdrO+1ozObxqE7vdw4dKemdnTm9b12dGZTGm2sO6XRhmmc3aBEH6XpNXQH63vt6MymcehOLzcO3ampHZ15fa8dndmURhvrTmm0YRpnNyjRR2l6Dd3B+l47OrNpHLrTy41Dd2pqR2de32tHZzal0ca6UxptmMbZDUr0UZpeQ3ewvteOzmwah+70cuPQnZra0ZnX99rRmU1ptLHulEYbpnF2gxJ9lKbX0B2s77WjM5vGoTu93Dh0p6Z2dOb1vXZ0ZlMabaw7pdGGaZzdoEQfpek1dAfre+3ozKZx6E4vNw7dqakdnXl9rx2d2ZRGG+tOabRhGmc3KNFHaXoN3cH6Xjs6s2kcutPLjUN3ampHZ17fa0dnNqXRxrpTGm2YxtkNSvRRml5Dd7C+147ObBqH7vRy49CdmtrRmdf32tGZTWm0se6URhumcXaDEn2UptfQHazvtaMzm8ahO73cOHSnpnZ05vW9dnRmUxptrDul0YZpnN2gRB+l6TV0B+t77ejMpnHoTi83Dt2pqR2deX2vHZ3ZlEYb605ptGEaZzco0Udpeg3dwfpeOzqzaRy608uNQ3dqakdnXt9rR2c2pdHGulMabZjG2Q1K9FGaXkN3sL7Xjs5sGofu9HLj0J2a2tGZ1/fa0ZlNabSx7pRGG6ZxdoMSfZSm19AdrO+1ozObxqE7vdw4dKemdnTm9b12dGZTGm2sO6XRhmmc3aBEH6XpNXQH63vt6MymcehOLzcO3ampHZ15fa8dndmURhvrTmm0YRpnNyjRR2lKow3TOHSnptfQHazvpdHG5dJoY30vjTZM7ejMa/1UGm2Y2tGZTdNlLyLRR25Kow3TOHSnptfQHazvpdHG5dJoY30vjTZM7ejMa/1UGm2Y2tGZTdNlLyLRR25Kow3TOHSnptfQHazvpdHG5dJoY30vjTZM7ejMa/1UGm2Y2tGZTdNlLyLRR25Kow3TOHSnptfQHazvpdHG5dJoY30vjTZM7ejMa/1UGm2Y2tGZTdNlLyLRR25Kow3TOHSnptfQHazvpdHG5dJoY30vjTZM7ejMa/1UGm2Y2tGZTdNlLyLRR25Kow3TOHSnptfQHazvpdHG5dJoY30vjTZM7ejMa/1UGm2Y2tGZTdNlLyLRR25Kow3TOHSnptfQHazvpdHG5dJoY30vjTZM7ejMa/1UGm2Y2tGZTdNlLyLRR25Kow3TOHSnptfQHazvpdHG5dJoY30vjTZM7ejMa/1UGm2Y2tGZTdNlLyLRR25Kow3TOHSnptfQHazvpdHG5dJoY30vjTZM7ejMa/1UGm2Y2tGZTdNlLyLRR25Kow3TOHSnptfQHazvpdHG5dJoY30vjTZM7ejMa/1UGm2Y2tGZTdNlLyLRR25Kow3TOHSnptfQHazvpdHG5dJoY30vjTZM7ejMa/1UGm2Y2tGZTdNlLyLRR25Kow3TOHSnptfQHazvpdHG5dJoY30vjTZM7ejMa/1UGm2Y2tGZTdNlLyLRR25Kow3TOHSnptfQHazvpdHG5dJoY30vjTZM7ejMa/1UGm2Y2tGZTdNlLyLRR25Kow3TOHSnptfQHazvpdHG5dJoY30vjTZM7ejMa/1UGm2Y2tGZTdNlLyLRR25Kow3TOHSnptfQHazvpdHG5dJoY30vjTZM7ejMa/1UGm2Y2tGZTdNlLyLRR25Kow3TOHSnptfQHazvpdHG5dJoY30vjTZM7ejMa/1UGm2Y2tGZTdNlLyLRR25Kow3TOHSnptfQHazvpdHG5dJoY30vjTZM7ejMa/1UGm2Y2tGZTdNlLyLRR25Kow3TOHSnptfQHazvpdHG5dJoY30vjTZM7ejMa/1UGm2Y2tGZTdNlLyLRR25Kow3TOHSnptfQHazvpdHG5dJoY30vjTZM7ejMa/1UGm2Y2tGZTdNlLyLRR25Kow3TOHSnptfQHazvpdHG5dJoY30vjTZM7ejMa/1UGm2Y2tGZTdNlL1KGfjSmNNowtaMzXy6NNpp6Dd2B6TV0B+vvmi70Rk2l0UZTabRhakdnbmq67EXK0I/GlEYbpnZ05sul0UZTr6E7ML2G7mD9XdOF3qipNNpoKo02TO3ozE1Nl71IGfrRmNJow9SOzny5NNpo6jV0B6bX0B2sv2u60Bs1lUYbTaXRhqkdnbmp6bIXKUM/GlMabZja0Zkvl0YbTb2G7sD0GrqD9XdNF3qjptJoo6k02jC1ozM3NV32ImXoR2NKow1TOzrz5dJoo6nX0B2YXkN3sP6u6UJv1FQabTSVRhumdnTmpqbLXqQM/WhMabRhakdnvlwabTT1GroD02voDtbfNV3ojZpKo42m0mjD1I7O3NR02YuUoR+NKY02TO3ozJdLo42mXkN3YHoN3cH6u6YLvVFTabTRVBptmNrRmZuaLnuRMvSjMaXRhqkdnflyabTR1GvoDkyvoTtYf9d0oTdqKo02mkqjDVM7OnNT02UvUoZ+NKY02jC1ozNfLo02mnoN3YHpNXQH6++aLvRGTaXRRlNptGFqR2duarrsRcrQj8aURhumdnTmy6XRRlOvoTswvYbuYP1d04XeqKk02mgqjTZM7ejMTU2XvUgZ+tGY0mjD1I7OfLk02mjqNXQHptfQHay/a7rQGzWVRhtNpdGGqR2duanpshcpQz8aUxptmNrRmS+XRhtNvYbuwPQauoP1d00XeqOm0mijqTTaMLWjMzc1XfYiZehHY0qjDVM7OvPl0mijqdfQHZheQ3ew/q7pQm/UVBptNJVGG6Z2dOampstepAz9aExptGFqR2e+XBptNPUaugPTa+gO1t81XeiNmkqjjabSaMPUjs7c1HTZi5ShH40pjTZM7ejMl0ujjaZeQ3dgeg3dwfq7pgu9UVNptNFUGm2Y2tGZm5oue5Ey9KMxpdGGqR2d+XJptNHUa+gOTK+hO1h/13ShN2oqjTaaSqMNUzs6c1PTZS9Shn40pjTaMLWjM18ujTaaeg3dgek1dAfr75ou9EZNpdFGU2m0YWpHZ25quuxFytCPxpRGG6Z2dObLpdFGU6+hOzC9hu5g/V3Thd6oqTTaaCqNNkzt6MxNTZe9SBn60ZjSaMPUjs58uTTaaOo1dAem19AdrL9rutAbNZVGG02l0YapHZ25qemyFylDPxpTGm2Y2tGZL5dGG029hu7A9Bq6g/V3TRd6o6bSaKOpNNowtaMzNzVd9iLH0Y/wcu3ozKZ2dOamZn6DviFTGm2YXkN30NRr6A7W35VGG03N/Ma+mOPoH4nLtaMzm9rRmZua+Q36hkxptGF6Dd1BU6+hO1h/VxptNDXzG/tijqN/JC7Xjs5sakdnbmrmN+gbMqXRhuk1dAdNvYbuYP1dabTR1Mxv7Is5jv6RuFw7OrOpHZ25qZnfoG/IlEYbptfQHTT1GrqD9Xel0UZTM7+xL+Y4+kficu3ozKZ2dOamZn6DviFTGm2YXkN30NRr6A7W35VGG03N/Ma+mOPoH4nLtaMzm9rRmZua+Q36hkxptGF6Dd1BU6+hO1h/VxptNDXzG/tijqN/JC7Xjs5sakdnbmrmN+gbMqXRhuk1dAdNvYbuYP1dabTR1Mxv7Is5jv6RuFw7OrOpHZ25qZnfoG/IlEYbptfQHTT1GrqD9Xel0UZTM7+xL+Y4+kficu3ozKZ2dOamZn6DviFTGm2YXkN30NRr6A7W35VGG03N/Ma+mOPoH4nLtaMzm9rRmZua+Q36hkxptGF6Dd1BU6+hO1h/VxptNDXzG/tijqN/JC7Xjs5sakdnbmrmN+gbMqXRhuk1dAdNvYbuYP1dabTR1Mxv7Is5jv6RuFw7OrOpHZ25qZnfoG/IlEYbptfQHTT1GrqD9Xel0UZTM7+xL+Y4+kficu3ozKZ2dOamZn6DviFTGm2YXkN30NRr6A7W35VGG03N/Ma+mOPoH4nLtaMzm9rRmZua+Q36hkxptGF6Dd1BU6+hO1h/VxptNDXzG/tijqN/JC7Xjs5sakdnbmrmN+gbMqXRhuk1dAdNvYbuYP1dabTR1Mxv7Is5jv6RuFw7OrOpHZ25qZnfoG/IlEYbptfQHTT1GrqD9Xel0UZTM7+xL+Y4+kficu3ozKZ2dOamZn6DviFTGm2YXkN30NRr6A7W35VGG03N/Ma+mOPoH4nLtaMzm9rRmZua+Q36hkxptGF6Dd1BU6+hO1h/VxptNDXzG/tijqN/JC7Xjs5sakdnbmrmN+gbMqXRhuk1dAdNvYbuYP1dabTR1Mxv7Is5jv6RuFw7OrOpHZ25qZnfoG/IlEYbptfQHTT1GrqD9Xel0UZTM7+xL6YM/agvl0Ybl0ujjabSaMOURhtNvYbuYH2vHZ3ZlEYbpjTaMKXRhimNNkxptGFKo43LTZe9SBn60VwujTYul0YbTaXRhimNNpp6Dd3B+l47OrMpjTZMabRhSqMNUxptmNJow5RGG5ebLnuRMvSjuVwabVwujTaaSqMNUxptNPUauoP1vXZ0ZlMabZjSaMOURhumNNowpdGGKY02Ljdd9iJl6EdzuTTauFwabTSVRhumNNpo6jV0B+t77ejMpjTaMKXRhimNNkxptGFKow1TGm1cbrrsRcrQj+ZyabRxuTTaaCqNNkxptNHUa+gO1vfa0ZlNabRhSqMNUxptmNJow5RGG6Y02rjcdNmLlKEfzeXSaONyabTRVBptmNJoo6nX0B2s77WjM5vSaMOURhumNNowpdGGKY02TGm0cbnpshcpQz+ay6XRxuXSaKOpNNowpdFGU6+hO1jfa0dnNqXRhimNNkxptGFKow1TGm2Y0mjjctNlL1KGfjSXS6ONy6XRRlNptGFKo42mXkN3sL7Xjs5sSqMNUxptmNJow5RGG6Y02jCl0cblpstepAz9aC6XRhuXS6ONptJow5RGG029hu5gfa8dndmURhumNNowpdGGKY02TGm0YUqjjctNl71IGfrRXC6NNi6XRhtNpdGGKY02mnoN3cH6Xjs6symNNkxptGFKow1TGm2Y0mjDlEYbl5sue5Ey9KO5XBptXC6NNppKow1TGm009Rq6g/W9dnRmUxptmNJow5RGG6Y02jCl0YYpjTYuN132ImXoR3O5NNq4XBptNJVGG6Y02mjqNXQH63vt6MymNNowpdGGKY02TGm0YUqjDVMabVxuuuxFytCP5nJptHG5NNpoKo02TGm00dRr6A7W99rRmU1ptGFKow1TGm2Y0mjDlEYbpjTauNx02YuUoR/N5dJo43JptNFUGm2Y0mijqdfQHazvtaMzm9Jow5RGG6Y02jCl0YYpjTZMabRxuemyFylDP5rLpdHG5dJoo6k02jCl0UZTr6E7WN9rR2c2pdGGKY02TGm0YUqjDVMabZjSaONy02UvUoZ+NJdLo43LpdFGU2m0YUqjjaZeQ3ewvteOzmxKow1TGm2Y0mjDlEYbpjTaMKXRxuWmy16kDP1oLpdGG5dLo42m0mjDlEYbTb2G7mB9rx2d2ZRGG6Y02jCl0YYpjTZMabRhSqONy02XvUgZ+tFcLo02LpdGG02l0YYpjTaaeg3dwfpeOzqzKY02TGm0YUqjDVMabZjSaMOURhuXmy57kTL0o7lcGm1cLo02mkqjDVMabTT1GrqD9b12dGZTGm2Y0mjDlEYbpjTaMKXRhimNNi43XfYiZehHc7k02rhcGm00lUYbpjTaaOo1dAfre+3ozKY02jCl0YYpjTZMabRhSqMNUxptXG667EXK0I+mqTTaaKodndmURhumNNq4XBptrDuNQ3d6uXZ0ZlMabVyuHZ35cuPsBsvQR95UGm001Y7ObEqjDVMabVwujTbWncahO71cOzqzKY02LteOzny5cXaDZegjbyqNNppqR2c2pdGGKY02LpdGG+tO49CdXq4dndmURhuXa0dnvtw4u8Ey9JE3lUYbTbWjM5vSaMOURhuXS6ONdadx6E4v147ObEqjjcu1ozNfbpzdYBn6yJtKo42m2tGZTWm0YUqjjcul0ca60zh0p5drR2c2pdHG5drRmS83zm6wDH3kTaXRRlPt6MymNNowpdHG5dJoY91pHLrTy7WjM5vSaONy7ejMlxtnN1iGPvKm0mijqXZ0ZlMabZjSaONyabSx7jQO3enl2tGZTWm0cbl2dObLjbMbLEMfeVNptNFUOzqzKY02TGm0cbk02lh3Gofu9HLt6MymNNq4XDs68+XG2Q2WoY+8qTTaaKodndmURhumNNq4XBptrDuNQ3d6uXZ0ZlMabVyuHZ35cuPsBsvQR95UGm001Y7ObEqjDVMabVwujTbWncahO71cOzqzKY02LteOzny5cXaDZegjbyqNNppqR2c2pdGGKY02LpdGG+tO49CdXq4dndmURhuXa0dnvtw4u8Ey9JE3lUYbTbWjM5vSaMOURhuXS6ONdadx6E4v147ObEqjjcu1ozNfbpzdYBn6yJtKo42m2tGZTWm0YUqjjcul0ca60zh0p5drR2c2pdHG5drRmS83zm6wDH3kTaXRRlPt6MymNNowpdHG5dJoY91pHLrTy7WjM5vSaONy7ejMlxtnN1iGPvKm0mijqXZ0ZlMabZjSaONyabSx7jQO3enl2tGZTWm0cbl2dObLjbMbLEMfeVNptNFUOzqzKY02TGm0cbk02lh3Gofu9HLt6MymNNq4XDs68+XG2Q2WoY+8qTTaaKodndmURhumNNq4XBptrDuNQ3d6uXZ0ZlMabVyuHZ35cuPsBsvQR95UGm001Y7ObEqjDVMabVwujTbWncahO71cOzqzKY02LteOzny5cXaDZegjbyqNNppqR2c2pdGGKY02LpdGG+tO49CdXq4dndmURhuXa0dnvtw4u8Ey9JE3lUYbTbWjM5vSaMOURhuXS6ONdadx6E4v147ObEqjjcu1ozNfbpzdoEQfZVNptLHuNA7dqSmNNi7Xjs58uTTauFwabaz1U6+hOzCl0YZpnN2gRB9lU2m0se40Dt2pKY02LteOzny5NNq4XBptrPVTr6E7MKXRhmmc3aBEH2VTabSx7jQO3akpjTYu147OfLk02rhcGm2s9VOvoTswpdGGaZzdoEQfZVNptLHuNA7dqSmNNi7Xjs58uTTauFwabaz1U6+hOzCl0YZpnN2gRB9lU2m0se40Dt2pKY02LteOzny5NNq4XBptrPVTr6E7MKXRhmmc3aBEH2VTabSx7jQO3akpjTYu147OfLk02rhcGm2s9VOvoTswpdGGaZzdoEQfZVNptLHuNA7dqSmNNi7Xjs58uTTauFwabaz1U6+hOzCl0YZpnN2gRB9lU2m0se40Dt2pKY02LteOzny5NNq4XBptrPVTr6E7MKXRhmmc3aBEH2VTabSx7jQO3akpjTYu147OfLk02rhcGm2s9VOvoTswpdGGaZzdoEQfZVNptLHuNA7dqSmNNi7Xjs58uTTauFwabaz1U6+hOzCl0YZpnN2gRB9lU2m0se40Dt2pKY02LteOzny5NNq4XBptrPVTr6E7MKXRhmmc3aBEH2VTabSx7jQO3akpjTYu147OfLk02rhcGm2s9VOvoTswpdGGaZzdoEQfZVNptLHuNA7dqSmNNi7Xjs58uTTauFwabaz1U6+hOzCl0YZpnN2gRB9lU2m0se40Dt2pKY02LteOzny5NNq4XBptrPVTr6E7MKXRhmmc3aBEH2VTabSx7jQO3akpjTYu147OfLk02rhcGm2s9VOvoTswpdGGaZzdoEQfZVNptLHuNA7dqSmNNi7Xjs58uTTauFwabaz1U6+hOzCl0YZpnN2gRB9lU2m0se40Dt2pKY02LteOzny5NNq4XBptrPVTr6E7MKXRhmmc3aBEH2VTabSx7jQO3akpjTYu147OfLk02rhcGm2s9VOvoTswpdGGaZzdoEQfZVNptLHuNA7dqSmNNi7Xjs58uTTauFwabaz1U6+hOzCl0YZpnN2gRB9lU2m0se40Dt2pKY02LteOzny5NNq4XBptrPVTr6E7MKXRhmmc3WAZ+sibSqMNUzs6symNNkzt6MymdnTm9b002miqHZ3Z1I7O3FQabTT1GroDUxptmNJoo6lxdoNl6CNvKo02TO3ozKY02jC1ozOb2tGZ1/fSaKOpdnRmUzs6c1NptNHUa+gOTGm0YUqjjabG2Q2WoY+8qTTaMLWjM5vSaMPUjs5sakdnXt9Lo42m2tGZTe3ozE2l0UZTr6E7MKXRhimNNpoaZzdYhj7yptJow9SOzmxKow1TOzqzqR2deX0vjTaaakdnNrWjMzeVRhtNvYbuwJRGG6Y02mhqnN1gGfrIm0qjDVM7OrMpjTZM7ejMpnZ05vW9NNpoqh2d2dSOztxUGm009Rq6A1MabZjSaKOpcXaDZegjbyqNNkzt6MymNNowtaMzm9rRmdf30mijqXZ0ZlM7OnNTabTR1GvoDkxptGFKo42mxtkNlqGPvKk02jC1ozOb0mjD1I7ObGpHZ17fS6ONptrRmU3t6MxNpdFGU6+hOzCl0YYpjTaaGmc3WIY+8qbSaMPUjs5sSqMNUzs6s6kdnXl9L402mmpHZza1ozM3lUYbTb2G7sCURhumNNpoapzdYBn6yJtKow1TOzqzKY02TO3ozKZ2dOb1vTTaaKodndnUjs7cVBptNPUaugNTGm2Y0mijqXF2g2XoI28qjTZM7ejMpjTaMLWjM5va0ZnX99Joo6l2dGZTOzpzU2m00dRr6A5MabRhSqONpsbZDZahj7ypNNowtaMzm9Jow9SOzmxqR2de30ujjaba0ZlN7ejMTaXRRlOvoTswpdGGKY02mhpnN1iGPvKm0mjD1I7ObEqjDVM7OrOpHZ15fS+NNppqR2c2taMzN5VGG029hu7AlEYbpjTaaGqc3WAZ+sibSqMNUzs6symNNkzt6MymdnTm9b002miqHZ3Z1I7O3FQabTT1GroDUxptmNJoo6lxdoNl6CNvKo02TO3ozKY02jC1ozOb2tGZ1/fSaKOpdnRmUzs6c1NptNHUa+gOTGm0YUqjjabG2Q2WoY+8qTTaMLWjM5vSaMPUjs5sakdnXt9Lo42m2tGZTe3ozE2l0UZTr6E7MKXRhimNNpoaZzdYhj7yptJow9SOzmxKow1TOzqzqR2deX0vjTaaakdnNrWjMzeVRhtNvYbuwJRGG6Y02mhqnN1gGfrIm0qjDVM7OrMpjTZM7ejMpnZ05vW9NNpoqh2d2dSOztxUGm009Rq6A1MabZjSaKOpcXaDZegjbyqNNkzt6MymNNowtaMzm9rRmdf30mijqXZ0ZlM7OnNTabTR1GvoDkxptGFKo42mxtkNlqGPvKk02jC1ozOb0mjD1I7ObGpHZ17fS6ONptrRmU3t6MxNpdFGU6+hOzCl0YYpjTaaGmc3WIY+8qbSaMPUjs5sSqMNUzs6s6kdnXl9L402mmpHZza1ozM3lUYbTb2G7sCURhumNNpoapzdoEQf5fpeGm001Y7O3NRr6A7W99JoY/1dabRhakdnNqXRhmm60Bs1NfMb+2Ik+hGu76XRRlPt6MxNvYbuYH0vjTbW35VGG6Z2dGZTGm2Ypgu9UVMzv7EvRqIf4fpeGm001Y7O3NRr6A7W99JoY/1dabRhakdnNqXRhmm60Bs1NfMb+2Ik+hGu76XRRlPt6MxNvYbuYH0vjTbW35VGG6Z2dGZTGm2Ypgu9UVMzv7EvRqIf4fpeGm001Y7O3NRr6A7W99JoY/1dabRhakdnNqXRhmm60Bs1NfMb+2Ik+hGu76XRRlPt6MxNvYbuYH0vjTbW35VGG6Z2dGZTGm2Ypgu9UVMzv7EvRqIf4fpeGm001Y7O3NRr6A7W99JoY/1dabRhakdnNqXRhmm60Bs1NfMb+2Ik+hGu76XRRlPt6MxNvYbuYH0vjTbW35VGG6Z2dGZTGm2Ypgu9UVMzv7EvRqIf4fpeGm001Y7O3NRr6A7W99JoY/1dabRhakdnNqXRhmm60Bs1NfMb+2Ik+hGu76XRRlPt6MxNvYbuYH0vjTbW35VGG6Z2dGZTGm2Ypgu9UVMzv7EvRqIf4fpeGm001Y7O3NRr6A7W99JoY/1dabRhakdnNqXRhmm60Bs1NfMb+2Ik+hGu76XRRlPt6MxNvYbuYH0vjTbW35VGG6Z2dGZTGm2Ypgu9UVMzv7EvRqIf4fpeGm001Y7O3NRr6A7W99JoY/1dabRhakdnNqXRhmm60Bs1NfMb+2Ik+hGu76XRRlPt6MxNvYbuYH0vjTbW35VGG6Z2dGZTGm2Ypgu9UVMzv7EvRqIf4fpeGm001Y7O3NRr6A7W99JoY/1dabRhakdnNqXRhmm60Bs1NfMb+2Ik+hGu76XRRlPt6MxNvYbuYH0vjTbW35VGG6Z2dGZTGm2Ypgu9UVMzv7EvRqIf4fpeGm001Y7O3NRr6A7W99JoY/1dabRhakdnNqXRhmm60Bs1NfMb+2Ik+hGu76XRRlPt6MxNvYbuYH0vjTbW35VGG6Z2dGZTGm2Ypgu9UVMzv7EvRqIf4fpeGm001Y7O3NRr6A7W99JoY/1dabRhakdnNqXRhmm60Bs1NfMb+2Ik+hGu76XRRlPt6MxNvYbuYH0vjTbW35VGG6Z2dGZTGm2Ypgu9UVMzv7Evpgz9qNf32tGZTWm0cbk02jCl0YYpjTbW915Dd2B6Dd2BaRy6U1MabZja0ZlNc9teuAz9CNf32tGZTWm0cbk02jCl0YYpjTbW915Dd2B6Dd2BaRy6U1MabZja0ZlNc9teuAz9CNf32tGZTWm0cbk02jCl0YYpjTbW915Dd2B6Dd2BaRy6U1MabZja0ZlNc9teuAz9CNf32tGZTWm0cbk02jCl0YYpjTbW915Dd2B6Dd2BaRy6U1MabZja0ZlNc9teuAz9CNf32tGZTWm0cbk02jCl0YYpjTbW915Dd2B6Dd2BaRy6U1MabZja0ZlNc9teuAz9CNf32tGZTWm0cbk02jCl0YYpjTbW915Dd2B6Dd2BaRy6U1MabZja0ZlNc9teuAz9CNf32tGZTWm0cbk02jCl0YYpjTbW915Dd2B6Dd2BaRy6U1MabZja0ZlNc9teuAz9CNf32tGZTWm0cbk02jCl0YYpjTbW915Dd2B6Dd2BaRy6U1MabZja0ZlNc9teuAz9CNf32tGZTWm0cbk02jCl0YYpjTbW915Dd2B6Dd2BaRy6U1MabZja0ZlNc9teuAz9CNf32tGZTWm0cbk02jCl0YYpjTbW915Dd2B6Dd2BaRy6U1MabZja0ZlNc9teuAz9CNf32tGZTWm0cbk02jCl0YYpjTbW915Dd2B6Dd2BaRy6U1MabZja0ZlNc9teuAz9CNf32tGZTWm0cbk02jCl0YYpjTbW915Dd2B6Dd2BaRy6U1MabZja0ZlNc9teuAz9CNf32tGZTWm0cbk02jCl0YYpjTbW915Dd2B6Dd2BaRy6U1MabZja0ZlNc9teuAz9CNf32tGZTWm0cbk02jCl0YYpjTbW915Dd2B6Dd2BaRy6U1MabZja0ZlNc9teuAz9CNf32tGZTWm0cbk02jCl0YYpjTbW915Dd2B6Dd2BaRy6U1MabZja0ZlNc9teuAz9CNf32tGZTWm0cbk02jCl0YYpjTbW915Dd2B6Dd2BaRy6U1MabZja0ZlNc9teuAz9CNf32tGZTWm0cbk02jCl0YYpjTbW915Dd2B6Dd2BaRy6U1MabZja0ZlNc9teuAz9CNf32tGZTWm0cbk02jCl0YYpjTbW915Dd2B6Dd2BaRy6U1MabZja0ZlNc9teuAz9CNf32tGZTWm0cbk02jCl0YYpjTbW915Dd2B6Dd2BaRy6U1MabZja0ZlNc9teuAz9CNf32tGZTWm0cbk02jCl0YYpjTbW915Dd2B6Dd2BaRy6U1MabZja0ZlNc9teWKIfjakdnbmpNNowpdGGqR2duak02jCl0YYpjTZMabRhSqONtf6rtaMzm2bmf2e/OIn+ETO1ozM3lUYbpjTaMLWjMzeVRhumNNowpdGGKY02TGm0sdZ/tXZ0ZtPM/O/sFyfRP2KmdnTmptJow5RGG6Z2dOam0mjDlEYbpjTaMKXRhimNNtb6r9aOzmyamf+d/eIk+kfM1I7O3FQabZjSaMPUjs7cVBptmNJow5RGG6Y02jCl0cZa/9Xa0ZlNM/O/s1+cRP+ImdrRmZtKow1TGm2Y2tGZm0qjDVMabZjSaMOURhumNNpY679aOzqzaWb+d/aLk+gfMVM7OnNTabRhSqMNUzs6c1NptGFKow1TGm2Y0mjDlEYba/1Xa0dnNs3M/85+cRL9I2ZqR2duKo02TGm0YWpHZ24qjTZMabRhSqMNUxptmNJoY63/au3ozKaZ+d/ZL06if8RM7ejMTaXRhimNNkzt6MxNpdGGKY02TGm0YUqjDVMabaz1X60dndk0M/87+8VJ9I+YqR2duak02jCl0YapHZ25qTTaMKXRhimNNkxptGFKo421/qu1ozObZuZ/Z784if4RM7WjMzeVRhumNNowtaMzN5VGG6Y02jCl0YYpjTZMabSx1n+1dnRm08z87+wXJ9E/YqZ2dOam0mjDlEYbpnZ05qbSaMOURhumNNowpdGGKY021vqv1o7ObJqZ/5394iT6R8zUjs7cVBptmNJow9SOztxUGm2Y0mjDlEYbpjTaMKXRxlr/1drRmU0z87+zX5xE/4iZ2tGZm0qjDVMabZja0ZmbSqMNUxptmNJow5RGG6Y02ljrv1o7OrNpZv539ouT6B8xUzs6c1NptGFKow1TOzpzU2m0YUqjDVMabZjSaMOURhtr/VdrR2c2zcz/zn5xEv0jZmpHZ24qjTZMabRhakdnbiqNNkxptGFKow1TGm2Y0mhjrf9q7ejMppn539kvTqJ/xEzt6MxNpdGGKY02TO3ozE2l0YYpjTZMabRhSqMNUxptrPVfrR2d2TQz/zv7xUn0j5ipHZ25qTTaMKXRhqkdnbmpNNowpdGGKY02TGm0YUqjjbX+q7WjM5tm5n9nvziJ/hEztaMzN5VGG6Y02jC1ozM3lUYbpjTaMKXRhimNNkxptLHWf7V2dGbTzPzv7Bcn0T9ipnZ05qbSaMOURhumdnTmptJow5RGG6Y02jCl0YYpjTbW+q/Wjs5smpn/nf3iJPpHzNSOztxUGm2Y0mjD1I7O3FQabZjSaMOURhumNNowpdHGWv/V2tGZTTPzv7Nf3PwK/aNtGofu1NSOzry+l0YbpnHoTk3t6MymcehOTe3ozOt7abSxvjfObnB+hX6EpnHoTk3t6Mzre2m0YRqH7tTUjs5sGofu1NSOzry+l0Yb63vj7AbnV+hHaBqH7tTUjs68vpdGG6Zx6E5N7ejMpnHoTk3t6Mzre2m0sb43zm5wfoV+hKZx6E5N7ejM63tptGEah+7U1I7ObBqH7tTUjs68vpdGG+t74+wG51foR2gah+7U1I7OvL6XRhumcehOTe3ozKZx6E5N7ejM63tptLG+N85ucH6FfoSmcehOTe3ozOt7abRhGofu1NSOzmwah+7U1I7OvL6XRhvre+PsBudX6EdoGofu1NSOzry+l0YbpnHoTk3t6MymcehOTe3ozOt7abSxvjfObnB+hX6EpnHoTk3t6Mzre2m0YRqH7tTUjs5sGofu1NSOzry+l0Yb63vj7AbnV+hHaBqH7tTUjs68vpdGG6Zx6E5N7ejMpnHoTk3t6Mzre2m0sb43zm5wfoV+hKZx6E5N7ejM63tptGEah+7U1I7ObBqH7tTUjs68vpdGG+t74+wG51foR2gah+7U1I7OvL6XRhumcehOTe3ozKZx6E5N7ejM63tptLG+N85ucH6FfoSmcehOTe3ozOt7abRhGofu1NSOzmwah+7U1I7OvL6XRhvre+PsBudX6EdoGofu1NSOzry+l0YbpnHoTk3t6MymcehOTe3ozOt7abSxvjfObnB+hX6EpnHoTk3t6Mzre2m0YRqH7tTUjs5sGofu1NSOzry+l0Yb63vj7AbnV+hHaBqH7tTUjs68vpdGG6Zx6E5N7ejMpnHoTk3t6Mzre2m0sb43zm5wfoV+hKZx6E5N7ejM63tptGEah+7U1I7ObBqH7tTUjs68vpdGG+t74+wG51foR2gah+7U1I7OvL6XRhumcehOTe3ozKZx6E5N7ejM63tptLG+N85ucH6FfoSmcehOTe3ozOt7abRhGofu1NSOzmwah+7U1I7OvL6XRhvre+PsBudX6EdoGofu1NSOzry+l0YbpnHoTk3t6MymcehOTe3ozOt7abSxvjfObnB+hX6EpnHoTk3t6Mzre2m0YRqH7tTUjs5sGofu1NSOzry+l0Yb63vj7AbL0EfeVDs6c1OvoTswtaMzN5VGG02l0UZTabRxudfQHTTVjs687tSOzmwaZzdYhj7yptrRmZt6Dd2BqR2duak02mgqjTaaSqONy72G7qCpdnTmdad2dGbTOLvBMvSRN9WOztzUa+gOTO3ozE2l0UZTabTRVBptXO41dAdNtaMzrzu1ozObxtkNlqGPvKl2dOamXkN3YGpHZ24qjTaaSqONptJo43KvoTtoqh2ded2pHZ3ZNM5usAx95E21ozM39Rq6A1M7OnNTabTRVBptNJVGG5d7Dd1BU+3ozOtO7ejMpnF2g2XoI2+qHZ25qdfQHZja0ZmbSqONptJoo6k02rjca+gOmmpHZ153akdnNo2zGyxDH3lT7ejMTb2G7sDUjs7cVBptNJVGG02l0cblXkN30FQ7OvO6Uzs6s2mc3WAZ+sibakdnbuo1dAemdnTmptJoo6k02mgqjTYu9xq6g6ba0ZnXndrRmU3j7AbL0EfeVDs6c1OvoTswtaMzN5VGG02l0UZTabRxudfQHTTVjs687tSOzmwaZzdYhj7yptrRmZt6Dd2BqR2duak02mgqjTaaSqONy72G7qCpdnTmdad2dGbTOLvBMvSRN9WOztzUa+gOTO3ozE2l0UZTabTRVBptXO41dAdNtaMzrzu1ozObxtkNlqGPvKl2dOamXkN3YGpHZ24qjTaaSqONptJo43KvoTtoqh2ded2pHZ3ZNM5usAx95E21ozM39Rq6A1M7OnNTabTRVBptNJVGG5d7Dd1BU+3ozOtO7ejMpnF2g2XoI2+qHZ25qdfQHZja0ZmbSqONptJoo6k02rjca+gOmmpHZ153akdnNo2zGyxDH3lT7ejMTb2G7sDUjs7cVBptNJVGG02l0cblXkN30FQ7OvO6Uzs6s2mc3WAZ+sibakdnbuo1dAemdnTmptJoo6k02mgqjTYu9xq6g6ba0ZnXndrRmU3j7AbL0EfeVDs6c1OvoTswtaMzN5VGG02l0UZTabRxudfQHTTVjs687tSOzmwaZzdYhj7yptrRmZt6Dd2BqR2duak02mgqjTaaSqONy72G7qCpdnTmdad2dGbTOLvBMvSRN9WOztzUa+gOTO3ozE2l0UZTabTRVBptXO41dAdNtaMzrzu1ozObxtkNlqGPvKl2dOamXkN3YGpHZ24qjTaaSqONptJo43KvoTtoqh2ded2pHZ3ZNM5ucOY/jP5RbCqNNi6XRhtNtaMzm9Jow5RGG02l0YapHZ3ZlEYbTb2G7uByabRhGmc3OPMfRv8oNpVGG5dLo42m2tGZTWm0YUqjjabSaMPUjs5sSqONpl5Dd3C5NNowjbMbnPkPo38Um0qjjcul0UZT7ejMpjTaMKXRRlNptGFqR2c2pdFGU6+hO7hcGm2YxtkNzvyH0T+KTaXRxuXSaKOpdnRmUxptmNJoo6k02jC1ozOb0mijqdfQHVwujTZM4+wGZ/7D6B/FptJo43JptNFUOzqzKY02TGm00VQabZja0ZlNabTR1GvoDi6XRhumcXaDM/9h9I9iU2m0cbk02miqHZ3ZlEYbpjTaaCqNNkzt6MymNNpo6jV0B5dLow3TOLvBmf8w+kexqTTauFwabTTVjs5sSqMNUxptNJVGG6Z2dGZTGm009Rq6g8ul0YZpnN3gzH8Y/aPYVBptXC6NNppqR2c2pdGGKY02mkqjDVM7OrMpjTaaeg3dweXSaMM0zm5w5j+M/lFsKo02LpdGG021ozOb0mjDlEYbTaXRhqkdndmURhtNvYbu4HJptGEaZzc48x9G/yg2lUYbl0ujjaba0ZlNabRhSqONptJow9SOzmxKo42mXkN3cLk02jCNsxuc+Q+jfxSbSqONy6XRRlPt6MymNNowpdFGU2m0YWpHZzal0UZTr6E7uFwabZjG2Q3O/IfRP4pNpdHG5dJoo6l2dGZTGm2Y0mijqTTaMLWjM5vSaKOp19AdXC6NNkzj7AZn/sPoH8Wm0mjjcmm00VQ7OrMpjTZMabTRVBptmNrRmU1ptNHUa+gOLpdGG6ZxdoMz/2H0j2JTabRxuTTaaKodndmURhumNNpoKo02TO3ozKY02mjqNXQHl0ujDdM4u8GZ/zD6R7GpNNq4XBptNNWOzmxKow1TGm00lUYbpnZ0ZlMabTT1GrqDy6XRhmmc3eDMfxj9o9hUGm1cLo02mmpHZzal0YYpjTaaSqMNUzs6symNNpp6Dd3B5dJowzTObnDmP4z+UWwqjTYul0YbTbWjM5vSaMOURhtNpdGGqR2d2ZRGG029hu7gcmm0YRpnNzjzH0b/KDaVRhuXS6ONptrRmU1ptGFKo42m0mjD1I7ObEqjjaZeQ3dwuTTaMI2zG5z5D6N/FJtKo43LpdFGU+3ozKY02jCl0UZTabRhakdnNqXRRlOvoTu4XBptmMbZDc78h9E/ik2l0cbl0mijqXZ0ZlMabZjSaKOpNNowtaMzm9Joo6nX0B1cLo02TOPsBiX6KNf6qelCb3S519AdmMahOzW1ozOb0mjDlEYbl0ujDVMabTQ18xv7YiT6Ea71U9OF3uhyr6E7MI1Dd2pqR2c2pdGGKY02LpdGG6Y02mhq5jf2xUj0I1zrp6YLvdHlXkN3YBqH7tTUjs5sSqMNUxptXC6NNkxptNHUzG/si5HoR7jWT00XeqPLvYbuwDQO3ampHZ3ZlEYbpjTauFwabZjSaKOpmd/YFyPRj3Ctn5ou9EaXew3dgWkculNTOzqzKY02TGm0cbk02jCl0UZTM7+xL0aiH+FaPzVd6I0u9xq6A9M4dKemdnRmUxptmNJo43JptGFKo42mZn5jX4xEP8K1fmq60Btd7jV0B6Zx6E5N7ejMpjTaMKXRxuXSaMOURhtNzfzGvhiJfoRr/dR0oTe63GvoDkzj0J2a2tGZTWm0YUqjjcul0YYpjTaamvmNfTES/QjX+qnpQm90udfQHZjGoTs1taMzm9Jow5RGG5dLow1TGm00NfMb+2Ik+hGu9VPThd7ocq+hOzCNQ3dqakdnNqXRhimNNi6XRhumNNpoauY39sVI9CNc66emC73R5V5Dd2Aah+7U1I7ObEqjDVMabVwujTZMabTR1Mxv7IuR6Ee41k9NF3qjy72G7sA0Dt2pqR2d2ZRGG6Y02rhcGm2Y0mijqZnf2Bcj0Y9wrZ+aLvRGl3sN3YFpHLpTUzs6symNNkxptHG5NNowpdFGUzO/sS9Goh/hWj81XeiNLvcaugPTOHSnpnZ0ZlMabZjSaONyabRhSqONpmZ+Y1+MRD/CtX5qutAbXe41dAemcehOTe3ozKY02jCl0cbl0mjDlEYbTc38xr4YiX6Ea/3UdKE3utxr6A5M49CdmtrRmU1ptGFKo43LpdGGKY02mpr5jX0xEv0I1/qp6UJvdLnX0B2YxqE7NbWjM5vSaMOURhuXS6MNUxptNDXzG/tiJPoRrvVT04Xe6HKvoTswjUN3ampHZzal0YYpjTYul0YbpjTaaGrmN/bFSPQjXOunpgu90eVeQ3dgGofu1NSOzmxKow1TGm1cLo02TGm00dTMb+yLkehHuNZPTRd6o8u9hu7ANA7dqakdndmURhumNNq4XBptmNJoo6mZ39gXI9GP0DRd6I1MabSxvpdGG6bX0B2Y0mjD1I7O3FQabTTVjs5sSqONpl5Dd9BUOzqzaZzdoEQfpWm60BuZ0mhjfS+NNkyvoTswpdGGqR2duak02miqHZ3ZlEYbTb2G7qCpdnRm0zi7QYk+StN0oTcypdHG+l4abZheQ3dgSqMNUzs6c1NptNFUOzqzKY02mnoN3UFT7ejMpnF2gxJ9lKbpQm9kSqON9b002jC9hu7AlEYbpnZ05qbSaKOpdnRmUxptNPUauoOm2tGZTePsBiX6KE3Thd7IlEYb63tptGF6Dd2BKY02TO3ozE2l0UZT7ejMpjTaaOo1dAdNtaMzm8bZDUr0UZqmC72RKY021vfSaMP0GroDUxptmNrRmZtKo42m2tGZTWm00dRr6A6aakdnNo2zG5ToozRNF3ojUxptrO+l0YbpNXQHpjTaMLWjMzeVRhtNtaMzm9Joo6nX0B001Y7ObBpnNyjRR2maLvRGpjTaWN9Low3Ta+gOTGm0YWpHZ24qjTaaakdnNqXRRlOvoTtoqh2d2TTOblCij9I0XeiNTGm0sb6XRhum19AdmNJow9SOztxUGm001Y7ObEqjjaZeQ3fQVDs6s2mc3aBEH6VputAbmdJoY30vjTZMr6E7MKXRhqkdnbmpNNpoqh2d2ZRGG029hu6gqXZ0ZtM4u0GJPkrTdKE3MqXRxvpeGm2YXkN3YEqjDVM7OnNTabTRVDs6symNNpp6Dd1BU+3ozKZxdoMSfZSm6UJvZEqjjfW9NNowvYbuwJRGG6Z2dOam0mijqXZ0ZlMabTT1GrqDptrRmU3j7AYl+ihN04XeyJRGG+t7abRheg3dgSmNNkzt6MxNpdFGU+3ozKY02mjqNXQHTbWjM5vG2Q1K9FGapgu9kSmNNtb30mjD9Bq6A1MabZja0ZmbSqONptrRmU1ptNHUa+gOmmpHZzaNsxuU6KM0TRd6I1MabazvpdGG6TV0B6Y02jC1ozM3lUYbTbWjM5vSaKOp19AdNNWOzmwaZzco0Udpmi70RqY02ljfS6MN02voDkxptGFqR2duKo02mmpHZzal0UZTr6E7aKodndk0zm5Qoo/SNF3ojUxptLG+l0YbptfQHZjSaMPUjs7cVBptNNWOzmxKo42mXkN30FQ7OrNpnN2gRB+labrQG5nSaGN9L402TK+hOzCl0YapHZ25qTTaaKodndmURhtNvYbuoKl2dGbTOLtBiT5K03ShNzKl0cb6XhptmF5Dd2BKow1TOzpzU2m00VQ7OrMpjTaaeg3dQVPt6MymcXaDEn2UpulCb2RKo431vTTaML2G7sCURhumdnTmptJoo6l2dGZTGm009Rq6g6ba0ZlN4+wGJfooTWm0cbk02jC9hu7A1I7OfLnX0B1crh2d2dSOztzUa+gO1t+VRhtNTZe9iEQfuSmNNi6XRhum19AdmNrRmS/3GrqDy7WjM5va0Zmbeg3dwfq70mijqemyF5HoIzel0cbl0mjD9Bq6A1M7OvPlXkN3cLl2dGZTOzpzU6+hO1h/VxptNDVd9iISfeSmNNq4XBptmF5Dd2BqR2e+3GvoDi7Xjs5sakdnbuo1dAfr70qjjaamy15Eoo/clEYbl0ujDdNr6A5M7ejMl3sN3cHl2tGZTe3ozE29hu5g/V1ptNHUdNmLSPSRm9Jo43JptGF6Dd2BqR2d+XKvoTu4XDs6s6kdnbmp19AdrL8rjTaami57EYk+clMabVwujTZMr6E7MLWjM1/uNXQHl2tHZza1ozM39Rq6g/V3pdFGU9NlLyLRR25Ko43LpdGG6TV0B6Z2dObLvYbu4HLt6MymdnTmpl5Dd7D+rjTaaGq67EUk+shNabRxuTTaML2G7sDUjs58udfQHVyuHZ3Z1I7O3NRr6A7W35VGG01Nl72IRB+5KY02LpdGG6bX0B2Y2tGZL/cauoPLtaMzm9rRmZt6Dd3B+rvSaKOp6bIXkegjN6XRxuXSaMP0GroDUzs68+VeQ3dwuXZ0ZlM7OnNTr6E7WH9XGm00NV32IhJ95KY02rhcGm2YXkN3YGpHZ77ca+gOLteOzmxqR2du6jV0B+vvSqONpqbLXkSij9yURhuXS6MN02voDkzt6MyXew3dweXa0ZlN7ejMTb2G7mD9XWm00dR02YtI9JGb0mjjcmm0YXoN3YGpHZ35cq+hO7hcOzqzqR2duanX0B2svyuNNpqaLnsRiT5yUxptXC6NNkyvoTswtaMzX+41dAeXa0dnNrWjMzf1GrqD9Xel0UZT02UvItFHbkqjjcul0YbpNXQHpnZ05su9hu7gcu3ozKZ2dOamXkN3sP6uNNpoarrsRST6yE1ptHG5NNowvYbuwNSOzny519AdXK4dndnUjs7c1GvoDtbflUYbTU2XvYhEH7kpjTYul0YbptfQHZja0Zkv9xq6g8u1ozOb2tGZm3oN3cH6u9Joo6npsheR6CM3pdHG5dJow/QaugNTOzrz5V5Dd3C5dnRmUzs6c1OvoTtYf1cabTQ1XfYiEn3kpjTauFwabZheQ3dgakdnvtxr6A4u147ObGpHZ27qNXQH6+9Ko42mpsteRKKP3JRGG5dLow1TGm2Y0mjDlEYbpjTauFwabTTVjs5sakdnNqXRxuXSaONy7ejMpjTaMM1te2GJfjSmNNq4XBptmNJow5RGG6Y02jCl0cbl0mijqXZ0ZlM7OrMpjTYul0Ybl2tHZzal0YZpbtsLS/SjMaXRxuXSaMOURhumNNowpdGGKY02LpdGG021ozOb2tGZTWm0cbk02rhcOzqzKY02THPbXliiH40pjTYul0YbpjTaMKXRhimNNkxptHG5NNpoqh2d2dSOzmxKo43LpdHG5drRmU1ptGGa2/bCEv1oTGm0cbk02jCl0YYpjTZMabRhSqONy6XRRlPt6MymdnRmUxptXC6NNi7Xjs5sSqMN09y2F5boR2NKo43LpdGGKY02TGm0YUqjDVMabVwujTaaakdnNrWjM5vSaONyabRxuXZ0ZlMabZjmtr2wRD8aUxptXC6NNkxptGFKow1TGm2Y0mjjcmm00VQ7OrOpHZ3ZlEYbl0ujjcu1ozOb0mjDNLfthSX60ZjSaONyabRhSqMNUxptmNJow5RGG5dLo42m2tGZTe3ozKY02rhcGm1crh2d2ZRGG6a5bS8s0Y/GlEYbl0ujDVMabZjSaMOURhumNNq4XBptNNWOzmxqR2c2pdHG5dJo43Lt6MymNNowzW17YYl+NKY02rhcGm2Y0mjDlEYbpjTaMKXRxuXSaKOpdnRmUzs6symNNi6XRhuXa0dnNqXRhmlu2wtL9KMxpdHG5dJow5RGG6Y02jCl0YYpjTYul0YbTbWjM5va0ZlNabRxuTTauFw7OrMpjTZMc9teWKIfjSmNNi6XRhumNNowpdGGKY02TGm0cbk02miqHZ3Z1I7ObEqjjcul0cbl2tGZTWm0YZrb9sIS/WhMabRxuTTaMKXRhimNNkxptGFKo43LpdFGU+3ozKZ2dGZTGm1cLo02LteOzmxKow3T3LYXluhHY0qjjcul0YYpjTZMabRhSqMNUxptXC6NNppqR2c2taMzm9Jo43JptHG5dnRmUxptmOa2vbBEPxpTGm1cLo02TGm0YUqjDVMabZjSaONyabTRVDs6s6kdndmURhuXS6ONy7WjM5vSaMM0t+2FJfrRmNJo43JptGFKow1TGm2Y0mjDlEYbl0ujjaba0ZlN7ejMpjTauFwabVyuHZ3ZlEYbprltLyzRj8aURhuXS6MNUxptmNJow5RGG6Y02rhcGm001Y7ObGpHZzal0cbl0mjjcu3ozKY02jDNbXthiX40pjTauFwabZjSaMOURhumNNowpdHG5dJoo6l2dGZTOzqzKY02LpdGG5drR2c2pdGGaW7bC0v0ozGl0cbl0mjDlEYbpjTaMKXRhimNNi6XRhtNtaMzm9rRmU1ptHG5NNq4XDs6symNNkxz215Yoh+NKY02LpdGG6Y02jCl0YYpjTZMabRxuTTaaKodndnUjs5sSqONy6XRxuXa0ZlNabRhmtv2whL9aExptHG5NNowpdGGaRy6U9Nr6A5M7ejMl0ujjcu9hu7A1I7ObEqjDVMabZjSaKOpcXaDEn2UpjTauFwabZjSaMM0Dt2p6TV0B6Z2dObLpdHG5V5Dd2BqR2c2pdGGKY02TGm00dQ4u0GJPkpTGm1cLo02TGm0YRqH7tT0GroDUzs68+XSaONyr6E7MLWjM5vSaMOURhumNNpoapzdoEQfpSmNNi6XRhumNNowjUN3anoN3YGpHZ35cmm0cbnX0B2Y2tGZTWm0YUqjDVMabTQ1zm5Qoo/SlEYbl0ujDVMabZjGoTs1vYbuwNSOzny5NNq43GvoDkzt6MymNNowpdGGKY02mhpnNyjRR2lKo43LpdGGKY02TOPQnZpeQ3dgakdnvlwabVzuNXQHpnZ0ZlMabZjSaMOURhtNjbMblOijNKXRxuXSaMOURhumcehOTa+hOzC1ozNfLo02LvcaugNTOzqzKY02TGm0YUqjjabG2Q1K9FGa0mjjcmm0YUqjDdM4dKem19AdmNrRmS+XRhuXew3dgakdndmURhumNNowpdFGU+PsBiX6KE1ptHG5NNowpdGGaRy6U9Nr6A5M7ejMl0ujjcu9hu7A1I7ObEqjDVMabZjSaKOpcXaDEn2UpjTauFwabZjSaMM0Dt2p6TV0B6Z2dObLpdHG5V5Dd2BqR2c2pdGGKY02TGm00dQ4u0GJPkpTGm1cLo02TGm0YRqH7tT0GroDUzs68+XSaONyr6E7MLWjM5vSaMOURhumNNpoapzdoEQfpSmNNi6XRhumNNowjUN3anoN3YGpHZ35cmm0cbnX0B2Y2tGZTWm0YUqjDVMabTQ1zm5Qoo/SlEYbl0ujDVMabZjGoTs1vYbuwNSOzny5NNq43GvoDkzt6MymNNowpdGGKY02mhpnNyjRR2lKo43LpdGGKY02TOPQnZpeQ3dgakdnvlwabVzuNXQHpnZ0ZlMabZjSaMOURhtNjbMblOijNKXRxuXSaMOURhumcehOTa+hOzC1ozNfLo02LvcaugNTOzqzKY02TGm0YUqjjabG2Q1K9FGa0mjjcmm0YUqjDdM4dKem19AdmNrRmS+XRhuXew3dgakdndmURhumNNowpdFGU+PsBiX6KE1ptHG5NNowpdGGaRy6U9Nr6A5M7ejMl0ujjcu9hu7A1I7ObEqjDVMabZjSaKOpcXaDEn2UpjTauFwabZjSaMM0Dt2p6TV0B6Z2dObLpdHG5V5Dd2BqR2c2pdGGKY02TGm00dQ4u0GJPkpTGm1cLo02TGm0YRqH7tT0GroDUzs68+XSaONyr6E7MLWjM5vSaMOURhumNNpoapzdoEQfpSmNNi6XRhumNNowjUN3anoN3YGpHZ35cmm0cbnX0B2Y2tGZTWm0YUqjDVMabTQ1zm5Qoo/SNF3ojUxptGFKo43LpdGGKY02LpdGG6a5jd7cNA7daVPt6MymdnRm03TZi0j0kZumC72RKY02TGm0cbk02jCl0cbl0mjDNLfRm5vGoTttqh2d2dSOzmyaLnsRiT5y03ShNzKl0YYpjTYul0YbpjTauFwabZjmNnpz0zh0p021ozOb2tGZTdNlLyLRR26aLvRGpjTaMKXRxuXSaMOURhuXS6MN09xGb24ah+60qXZ0ZlM7OrNpuuxFJPrITdOF3siURhumNNq4XBptmNJo43JptGGa2+jNTePQnTbVjs5sakdnNk2XvYhEH7lputAbmdJow5RGG5dLow1TGm1cLo02THMbvblpHLrTptrRmU3t6Mym6bIXkegjN00XeiNTGm2Y0mjjcmm0YUqjjcul0YZpbqM3N41Dd9pUOzqzqR2d2TRd9iISfeSm6UJvZEqjDVMabVwujTZMabRxuTTaMM1t9OamcehOm2pHZza1ozObpsteRKKP3DRd6I1MabRhSqONy6XRhimNNi6XRhumuY3e3DQO3WlT7ejMpnZ0ZtN02YtI9JGbpgu9kSmNNkxptHG5NNowpdHG5dJowzS30ZubxqE7baodndnUjs5smi57EYk+ctN0oTcypdGGKY02LpdGG6Y02rhcGm2Y5jZ6c9M4dKdNtaMzm9rRmU3TZS8i0Udumi70RqY02jCl0cbl0mjDlEYbl0ujDdPcRm9uGofutKl2dGZTOzqzabrsRST6yE3Thd7IlEYbpjTauFwabZjSaONyabRhmtvozU3j0J021Y7ObGpHZzZNl72IRB+5abrQG5nSaMOURhuXS6MNUxptXC6NNkxzG725aRy606ba0ZlN7ejMpumyF5HoIzdNF3ojUxptmNJo43JptGFKo43LpdGGaW6jNzeNQ3faVDs6s6kdndk0XfYiEn3kpulCb2RKow1TGm1cLo02TGm0cbk02jDNbfTmpnHoTptqR2c2taMzm6bLXkSij9w0XeiNTGm0YUqjjcul0YYpjTYul0YbprmN3tw0Dt1pU+3ozKZ2dGbTdNmLSPSRm6YLvZEpjTZMabRxuTTaMKXRxuXSaMM0t9Gbm8ahO22qHZ3Z1I7ObJouexGJPnLTdKE3MqXRhimNNi6XRhumNNq4XBptmOY2enPTOHSnTbWjM5va0ZlN02UvItFHbpou9EamNNowpdHG5dJow5RGG5dLow3T3EZvbhqH7rSpdnRmUzs6s2m67EUk+sjX+qlx6E5N7ejM63tptNFUGm2sv+s1dAeXS6ONptJow5RGG6bpsheR6CNf66fGoTs1taMzr++l0UZTabSx/q7X0B1cLo02mkqjDVMabZimy15Eoo98rZ8ah+7U1I7OvL6XRhtNpdHG+rteQ3dwuTTaaCqNNkxptGGaLnsRiT7ytX5qHLpTUzs68/peGm00lUYb6+96Dd3B5dJoo6k02jCl0YZpuuxFJPrI1/qpcehOTe3ozOt7abTRVBptrL/rNXQHl0ujjabSaMOURhum6bIXkegjX+unxqE7NbWjM6/vpdFGU2m0sf6u19AdXC6NNppKow1TGm2YpsteRKKPfK2fGofu1NSOzry+l0YbTaXRxvq7XkN3cLk02mgqjTZMabRhmi57EYk+8rV+ahy6U1M7OvP6XhptNJVGG+vveg3dweXSaKOpNNowpdGGabrsRST6yNf6qXHoTk3t6Mzre2m00VQabay/6zV0B5dLo42m0mjDlEYbpumyF5HoI1/rp8ahOzW1ozOv76XRRlNptLH+rtfQHVwujTaaSqMNUxptmKbLXkSij3ytnxqH7tTUjs68vpdGG02l0cb6u15Dd3C5NNpoKo02TGm0YZouexGJPvK1fmoculNTOzrz+l4abTSVRhvr73oN3cHl0mijqTTaMKXRhmm67EUk+sjX+qlx6E5N7ejM63tptNFUGm2sv+s1dAeXS6ONptJow5RGG6bpsheR6CNf66fGoTs1taMzr++l0UZTabSx/q7X0B1cLo02mkqjDVMabZimy15Eoo98rZ8ah+7U1I7OvL6XRhtNpdHG+rteQ3dwuTTaaCqNNkxptGGaLnsRiT7ytX5qHLpTUzs68/peGm00lUYb6+96Dd3B5dJoo6k02jCl0YZpuuxFJPrI1/qpcehOTe3ozOt7abTRVBptrL/rNXQHl0ujjabSaMOURhum6bIXkegjX+unxqE7NbWjM6/vpdFGU2m0sf6u19AdXC6NNppKow1TGm2YpsteRKKPfK2fGofu1NSOzry+l0YbTaXRxvq7XkN3cLk02mgqjTZMabRhmi57EYk+8rV+ahy6U1M7OvP6XhptNJVGG+vveg3dweXSaKOpNNowpdGGabrsRWZmZmZmZmb+wf6gnpmZmZmZmfkH+4N6ZmZmZmZm5h/sD+qZmZmZmZmZf7A/qGdmZmZmZmb+wf6gnpmZmZmZmfkH+4N6ZmZmZmZm5h/sD+qZmZmZmZmZf7A/qGdmZmZmZmb+wf6gnpmZmZmZmfkH+4N6ZmZmZmZm5h/sD+qZmZmZmZmZf7A/qGdmZmZmZmb+wf6gnpmZmZmZmfkH+4N6ZmZmZmZm5h/sD+qZmZmZmZmZf7A/qGdmZmZmZmb+wf6gnpmZmZmZmfkH+4N6ZmZmZmZm5h/sD+qZmZmZmZmZf7A/qGdmZmZmZmb+wf6gnpmZmZmZmfkH+4N6ZmZmZmZm5h/sD+qZmZmZmZmZf7A/qGdmZmZmZmb+wf6gnpmZmZmZmfkH+4N6ZmZmZmZm5h/sD+qZmZmZmZmZf7A/qGdmZmZmZmb+wf6gnpmZmZmZmfkH+4N6ZmZmZmZm5h/sD+qZmZn5/7dfxwQAADAMg/yr7jQsN7gAAAiEGgAAAAKhBgAAgECoAQAAIBBqAAAACIQaAAAAAqEGAACAQKgBAAAgEGoAAAAIhBoAAAACoQYAAIBAqAEAACAQagAAAAiEGgAAAAKhBgAAgECoAQAAIBBqAAAACIQaAAAAAqEGAACAQKgBAAAgEGoAAAAIhBoAAAACoQYAAIBAqAEAACAQagAAAAiEGgAAAAKhBgAAgECoAQAAIBBqAAAACIQaAAAAAqEGAACAQKgBAAAgEGoAAAAIhBoAAAACoQYAAIBAqAEAACAQagAAAAiEGgAAAAKhBgAAgECoAQAAIBBqAAAACIQaAAAAAqEGAACAQKgBAAAgEGoAAAAIhBoAAAACoQYAAIBAqAEAACAQagAAAHjbDmiuYJTNQQcIAAAAAElFTkSuQmCC,Espresso,Medium,100%,Bubble,Nata de coco,15500,25/06/2023 08:58:18
